,Symbol,Market,TradingDate,Time,Open,High,Low,Close,Volume,Value
0,SED,HNX,02/01/2019,,12486,12486,12486,12486,200,3420000
1,SED,HNX,03/01/2019,,12413,12413,12413,12413,100,1700000
2,SED,HNX,04/01/2019,,12340,12340,12340,12340,200,3380000
3,SED,HNX,07/01/2019,,12486,12486,12486,12486,1500,25650000
4,SED,HNX,08/01/2019,,12340,12340,12267,12267,300,5060000
5,SED,HNX,09/01/2019,,12267,12267,11829,11829,1700,27600000
6,SED,HNX,10/01/2019,,11902,12340,11756,12267,2300,37370000
7,SED,HNX,11/01/2019,,12267,12267,12267,12267,0,0
8,SED,HNX,14/01/2019,,12267,12267,12194,12194,400,6710000
9,SED,HNX,15/01/2019,,12194,12194,12194,12194,100,1670000
10,SED,HNX,16/01/2019,,12194,12194,11756,12048,800,13150000
11,SED,HNX,17/01/2019,,12048,12048,12048,12048,100,1650000
12,SED,HNX,18/01/2019,,12048,12048,11683,11975,4900,78700000
13,SED,HNX,21/01/2019,,11683,11975,11683,11902,703,11314400
14,SED,HNX,22/01/2019,,11902,11902,11902,11902,405,6601500
15,SED,HNX,23/01/2019,,11902,11902,11902,11902,0,0
16,SED,HNX,24/01/2019,,11829,11829,11537,11829,1000,15920000
17,SED,HNX,25/01/2019,,11902,11902,11829,11829,700,11350000
18,SED,HNX,28/01/2019,,11829,11829,11829,11829,700,11340000
19,SED,HNX,29/01/2019,,11829,11829,11829,11829,100,1620000
20,SED,HNX,30/01/2019,,11975,11975,11902,11902,1900,31150000
21,SED,HNX,31/01/2019,,12048,12048,12048,12048,150,2540000
22,SED,HNX,01/02/2019,,11975,11975,11902,11902,1500,24500000
23,SED,HNX,11/02/2019,,12632,12632,11975,12121,1700,28800000
24,SED,HNX,12/02/2019,,12413,12413,12121,12340,850,14130000
25,SED,HNX,13/02/2019,,12121,12267,12121,12267,900,14960000
26,SED,HNX,14/02/2019,,12048,12194,12048,12194,1000,16670000
27,SED,HNX,15/02/2019,,11975,12194,11975,12048,400,6630000
28,SED,HNX,18/02/2019,,12048,12851,11975,12048,5903,97724300
29,SED,HNX,19/02/2019,,12705,12705,12121,12121,600,10040000
30,SED,HNX,20/02/2019,,12340,12340,12340,12340,100,1690000
31,SED,HNX,21/02/2019,,12632,12632,12632,12632,100,1730000
32,SED,HNX,22/02/2019,,12340,12486,12194,12486,700,11790000
33,SED,HNX,25/02/2019,,12194,12194,12194,12194,900,15030000
34,SED,HNX,26/02/2019,,12413,12778,12121,12340,4200,70690000
35,SED,HNX,27/02/2019,,12632,12632,12632,12632,100,1730000
36,SED,HNX,28/02/2019,,12194,12413,12194,12413,600,10050000
37,SED,HNX,01/03/2019,,12632,12632,12632,12632,100,1730000
38,SED,HNX,04/03/2019,,12413,12632,12194,12267,2600,43790000
39,SED,HNX,05/03/2019,,12632,12632,12194,12194,2100,35130000
40,SED,HNX,06/03/2019,,12559,12559,12194,12486,300,5100000
41,SED,HNX,07/03/2019,,12632,13290,12340,12413,4800,82470000
42,SED,HNX,08/03/2019,,12778,12778,12340,12413,1300,22040000
43,SED,HNX,11/03/2019,,12413,12413,12413,12413,0,0
44,SED,HNX,12/03/2019,,12121,12486,12121,12486,4200,69770000
45,SED,HNX,13/03/2019,,12778,12778,12778,12778,100,1750000
46,SED,HNX,14/03/2019,,12413,12632,12267,12632,2600,44280000
47,SED,HNX,15/03/2019,,12194,12632,12194,12632,200,3400000
48,SED,HNX,18/03/2019,,12121,12632,12121,12340,1400,23670000
49,SED,HNX,19/03/2019,,12632,12632,12194,12632,1700,28970000
50,SED,HNX,20/03/2019,,12632,12632,12632,12632,0,0
51,SED,HNX,21/03/2019,,12340,12413,12267,12413,700,11810000
52,SED,HNX,22/03/2019,,12413,12413,12413,12413,0,0
53,SED,HNX,25/03/2019,,12486,12486,12194,12413,1200,20110000
54,SED,HNX,26/03/2019,,12340,12340,12340,12340,100,1690000
55,SED,HNX,27/03/2019,,12632,12632,12267,12267,1300,21950000
56,SED,HNX,28/03/2019,,12559,12559,12121,12413,803,13526200
57,SED,HNX,29/03/2019,,12121,12413,12121,12413,500,8460000
58,SED,HNX,01/04/2019,,12267,12340,12267,12340,1700,28680000
59,SED,HNX,02/04/2019,,12559,12559,12194,12413,2200,37210000
60,SED,HNX,03/04/2019,,12340,12340,12340,12340,100,1690000
61,SED,HNX,04/04/2019,,12486,12486,12340,12340,4100,69310000
62,SED,HNX,05/04/2019,,12340,12340,12340,12340,1000,16900000
63,SED,HNX,08/04/2019,,12340,12340,12340,12340,0,0
64,SED,HNX,09/04/2019,,12340,12340,12340,12340,0,0
65,SED,HNX,10/04/2019,,12413,12413,12413,12413,100,1700000
66,SED,HNX,11/04/2019,,12413,12413,12413,12413,100,1700000
67,SED,HNX,12/04/2019,,12413,12413,12413,12413,700,11900000
68,SED,HNX,16/04/2019,,12413,12413,12413,12413,600,10200000
69,SED,HNX,17/04/2019,,12413,12413,12413,12413,0,0
70,SED,HNX,18/04/2019,,12413,12413,12413,12413,0,0
71,SED,HNX,19/04/2019,,12194,12194,12048,12048,1200,19920000
72,SED,HNX,22/04/2019,,12048,12048,12048,12048,100,1650000
73,SED,HNX,23/04/2019,,12340,12340,11756,12340,400,6680000
74,SED,HNX,24/04/2019,,12267,12267,12194,12267,400,6700000
75,SED,HNX,25/04/2019,,12267,12267,12194,12194,2000,33590000
76,SED,HNX,26/04/2019,,12267,13363,12194,13290,3600,63230000
77,SED,HNX,02/05/2019,,12924,12924,12924,12924,100,1770000
78,SED,HNX,03/05/2019,,12924,12924,12924,12924,0,0
79,SED,HNX,06/05/2019,,12924,12924,12924,12924,0,0
80,SED,HNX,07/05/2019,,12924,12924,12924,12924,0,0
81,SED,HNX,08/05/2019,,12924,12924,12924,12924,0,0
82,SED,HNX,09/05/2019,,11756,12632,11756,12632,200,3340000
83,SED,HNX,10/05/2019,,12632,12632,12632,12632,0,0
84,SED,HNX,13/05/2019,,11683,12778,11683,12778,200,3350000
85,SED,HNX,14/05/2019,,11756,12340,11756,12340,400,6520000
86,SED,HNX,15/05/2019,,12705,12705,12267,12267,200,3420000
87,SED,HNX,16/05/2019,,12778,12778,12267,12267,200,3430000
88,SED,HNX,17/05/2019,,12632,12632,12267,12267,500,8450000
89,SED,HNX,20/05/2019,,12267,12267,12267,12267,200,3360000
90,SED,HNX,21/05/2019,,12778,12778,12778,12778,100,1750000
91,SED,HNX,22/05/2019,,12778,12778,12778,12778,0,0
92,SED,HNX,23/05/2019,,12778,12778,12778,12778,0,0
93,SED,HNX,24/05/2019,,12778,12778,12778,12778,0,0
94,SED,HNX,27/05/2019,,12778,12778,12778,12778,0,0
95,SED,HNX,28/05/2019,,12778,12778,12778,12778,0,0
96,SED,HNX,29/05/2019,,12778,12778,12778,12778,0,0
97,SED,HNX,30/05/2019,,12778,12778,12778,12778,0,0
98,SED,HNX,31/05/2019,,12705,12705,12705,12705,1700,29580000
99,SED,HNX,03/06/2019,,12705,12705,12705,12705,14,253600
100,SED,HNX,04/06/2019,,12705,12705,12705,12705,0,0
101,SED,HNX,05/06/2019,,12705,12705,12705,12705,0,0
102,SED,HNX,06/06/2019,,12705,12705,12705,12705,0,0
103,SED,HNX,07/06/2019,,11902,12486,11902,12413,600,10010000
104,SED,HNX,10/06/2019,,12705,12705,12705,12705,100,1740000
105,SED,HNX,11/06/2019,,12705,12705,12705,12705,0,0
106,SED,HNX,12/06/2019,,12705,12705,12705,12705,0,0
107,SED,HNX,13/06/2019,,12705,12705,12705,12705,0,0
108,SED,HNX,14/06/2019,,12705,12705,12705,12705,0,0
109,SED,HNX,17/06/2019,,12705,12705,12705,12705,0,0
110,SED,HNX,18/06/2019,,12705,12705,12705,12705,100,1740000
111,SED,HNX,19/06/2019,,12705,12705,12705,12705,0,0
112,SED,HNX,20/06/2019,,12267,12559,12267,12559,1300,22000000
113,SED,HNX,21/06/2019,,12559,12559,12559,12559,0,0
114,SED,HNX,24/06/2019,,12559,12559,12559,12559,0,0
115,SED,HNX,25/06/2019,,12705,12705,12048,12559,900,15360000
116,SED,HNX,26/06/2019,,12559,12559,12559,12559,0,0
117,SED,HNX,27/06/2019,,12559,12559,12559,12559,0,0
118,SED,HNX,28/06/2019,,12486,13509,12486,13143,4200,74120000
119,SED,HNX,01/07/2019,,12924,12924,12924,12924,100,1770000
120,SED,HNX,02/07/2019,,12924,12924,12924,12924,0,0
121,SED,HNX,03/07/2019,,12924,12924,12924,12924,0,0
122,SED,HNX,04/07/2019,,12924,12924,12924,12924,0,0
123,SED,HNX,05/07/2019,,12413,12705,12413,12705,702,11975600
124,SED,HNX,08/07/2019,,12997,12997,12997,12997,100,1780000
125,SED,HNX,09/07/2019,,12997,12997,12997,12997,0,0
126,SED,HNX,10/07/2019,,12340,12924,12340,12924,200,3460000
127,SED,HNX,11/07/2019,,12340,12924,12340,12924,0,0
128,SED,HNX,12/07/2019,,12340,12924,12340,12924,0,0
129,SED,HNX,15/07/2019,,13070,13070,13070,13070,100,1790000
130,SED,HNX,16/07/2019,,12997,13143,12267,12924,2500,44480000
131,SED,HNX,17/07/2019,,12705,12705,12705,12705,100,1740000
132,SED,HNX,18/07/2019,,13070,13070,13070,13070,100,1790000
133,SED,HNX,19/07/2019,,12340,12778,11902,12778,2200,36840000
134,SED,HNX,22/07/2019,,12267,12267,12267,12267,200,3360000
135,SED,HNX,23/07/2019,,12048,12559,12048,12559,200,3370000
136,SED,HNX,24/07/2019,,12048,12559,12048,12559,0,0
137,SED,HNX,25/07/2019,,12267,12705,12267,12705,600,10140000
138,SED,HNX,26/07/2019,,12267,12705,12267,12705,0,0
139,SED,HNX,29/07/2019,,12413,12413,12413,12413,100,1700000
140,SED,HNX,30/07/2019,,12924,12924,12121,12778,300,5180000
141,SED,HNX,31/07/2019,,12267,12705,12267,12632,1200,20270000
142,SED,HNX,01/08/2019,,12267,12705,12267,12632,0,0
143,SED,HNX,02/08/2019,,12267,12705,12267,12632,0,0
144,SED,HNX,05/08/2019,,12851,12851,12851,12851,100,1760000
145,SED,HNX,06/08/2019,,12705,12705,12705,12705,100,1740000
146,SED,HNX,07/08/2019,,12705,12705,12705,12705,0,0
147,SED,HNX,08/08/2019,,12705,12705,12705,12705,0,0
148,SED,HNX,09/08/2019,,12267,12340,12267,12340,4000,67400000
149,SED,HNX,12/08/2019,,12632,12632,12632,12632,100,1730000
150,SED,HNX,13/08/2019,,12705,12705,12705,12705,100,1740000
151,SED,HNX,14/08/2019,,12632,12632,12267,12632,2800,48130000
152,SED,HNX,15/08/2019,,12121,12632,12121,12632,200,3390000
153,SED,HNX,16/08/2019,,12121,12632,12121,12632,200,3390000
154,SED,HNX,19/08/2019,,12121,12632,12121,12632,0,0
155,SED,HNX,20/08/2019,,12121,12632,12121,12632,0,0
156,SED,HNX,21/08/2019,,12924,12924,12924,12924,100,1770000
157,SED,HNX,22/08/2019,,12924,12924,12924,12924,0,0
158,SED,HNX,23/08/2019,,12924,12924,12924,12924,0,0
159,SED,HNX,26/08/2019,,12924,12924,12924,12924,0,0
160,SED,HNX,27/08/2019,,12924,12924,12924,12924,0,0
161,SED,HNX,28/08/2019,,12924,12924,12924,12924,0,0
162,SED,HNX,29/08/2019,,12924,12924,12924,12924,0,0
163,SED,HNX,30/08/2019,,12778,14093,12778,13582,8500,154230000
164,SED,HNX,03/09/2019,,12851,13070,12851,13070,700,12350000
165,SED,HNX,04/09/2019,,12121,13070,12121,12924,400,6910000
166,SED,HNX,05/09/2019,,12121,13290,12121,12997,2300,39750000
167,SED,HNX,06/09/2019,,13363,13363,13363,13363,100,1830000
168,SED,HNX,09/09/2019,,12413,13216,12413,13070,300,5300000
169,SED,HNX,10/09/2019,,13363,13363,12705,13070,1200,21020000
170,SED,HNX,11/09/2019,,13290,13290,12559,12924,500,8890000
171,SED,HNX,12/09/2019,,12997,13436,12559,12924,4300,75090000
172,SED,HNX,13/09/2019,,13216,13216,12705,13143,300,5350000
173,SED,HNX,16/09/2019,,12559,13143,12559,12924,2600,45360000
174,SED,HNX,17/09/2019,,12632,12924,12413,12924,4000,68860000
175,SED,HNX,18/09/2019,,12851,13070,12851,13070,6000,107140000
176,SED,HNX,19/09/2019,,13290,13290,12559,12997,500,8850000
177,SED,HNX,20/09/2019,,12705,12851,12486,12851,3000,51750000
178,SED,HNX,23/09/2019,,13070,13070,12486,13070,300,5290000
179,SED,HNX,24/09/2019,,13070,13070,12486,13070,0,0
180,SED,HNX,25/09/2019,,13070,13070,12486,13070,0,0
181,SED,HNX,26/09/2019,,13070,13070,12486,13070,0,0
182,SED,HNX,27/09/2019,,13070,13070,12486,13070,0,0
183,SED,HNX,30/09/2019,,12486,13436,12486,12997,19900,343350000
184,SED,HNX,01/10/2019,,12486,13436,12486,12997,0,0
185,SED,HNX,02/10/2019,,12559,12778,12413,12778,37800,643490000
186,SED,HNX,03/10/2019,,13070,13070,13070,13070,100,1790000
187,SED,HNX,04/10/2019,,13070,13509,13070,13509,200,3640000
188,SED,HNX,07/10/2019,,13070,13509,13070,13509,0,0
189,SED,HNX,08/10/2019,,12632,12632,12559,12559,700,12050000
190,SED,HNX,09/10/2019,,12413,12924,12121,12778,2500,42680000
191,SED,HNX,10/10/2019,,13070,13070,12413,12413,1100,18790000
192,SED,HNX,11/10/2019,,12924,12924,12924,12924,100,1770000
193,SED,HNX,14/10/2019,,12340,12778,12340,12778,400,6820000
194,SED,HNX,15/10/2019,,12778,12851,12413,12851,4400,75020000
195,SED,HNX,16/10/2019,,12778,12851,12413,12851,0,0
196,SED,HNX,17/10/2019,,12778,12851,12413,12851,0,0
197,SED,HNX,18/10/2019,,12778,12851,12413,12851,0,0
198,SED,HNX,21/10/2019,,13363,13363,13363,13363,100,1830000
199,SED,HNX,22/10/2019,,13363,13363,13363,13363,0,0
200,SED,HNX,23/10/2019,,13143,13143,13143,13143,100,1800000
201,SED,HNX,24/10/2019,,13143,13143,13143,13143,0,0
202,SED,HNX,25/10/2019,,13143,13143,13143,13143,0,0
203,SED,HNX,28/10/2019,,13143,13143,13143,13143,0,0
204,SED,HNX,29/10/2019,,12486,12924,12486,12924,600,10560000
205,SED,HNX,30/10/2019,,12924,12924,12924,12924,400,7080000
206,SED,HNX,31/10/2019,,12924,12924,12924,12924,400,7080000
207,SED,HNX,01/11/2019,,12924,12924,12924,12924,0,0
208,SED,HNX,04/11/2019,,12997,12997,12413,12413,2900,49760000
209,SED,HNX,05/11/2019,,12997,12997,12413,12413,500,8630000
210,SED,HNX,06/11/2019,,12851,12851,12851,12851,100,1760000
211,SED,HNX,07/11/2019,,12778,12778,12778,12778,1000,17500000
212,SED,HNX,08/11/2019,,12778,12778,12778,12778,0,0
213,SED,HNX,11/11/2019,,12778,12778,12778,12778,0,0
214,SED,HNX,12/11/2019,,12778,12778,12778,12778,0,0
215,SED,HNX,13/11/2019,,12924,13070,12924,13070,200,3560000
216,SED,HNX,14/11/2019,,12924,13070,12924,13070,0,0
217,SED,HNX,15/11/2019,,12486,12486,12413,12413,4600,78220000
218,SED,HNX,18/11/2019,,13070,13070,12778,12778,300,5290000
219,SED,HNX,19/11/2019,,12413,12413,12413,12413,2100,35700000
220,SED,HNX,20/11/2019,,12778,12778,12413,12778,6100,103800000
221,SED,HNX,21/11/2019,,12778,12778,12413,12778,0,0
222,SED,HNX,22/11/2019,,12705,12705,12705,12705,100,1740000
223,SED,HNX,25/11/2019,,13070,13070,12413,12778,300,5240000
224,SED,HNX,26/11/2019,,13070,13070,12413,12778,0,0
225,SED,HNX,27/11/2019,,13070,13070,12413,12778,0,0
226,SED,HNX,28/11/2019,,13070,13070,12413,12778,0,0
227,SED,HNX,29/11/2019,,12705,12705,12705,12705,100,1740000
228,SED,HNX,02/12/2019,,12924,12924,12924,12924,100,1770000
229,SED,HNX,03/12/2019,,12924,12924,12924,12924,0,0
230,SED,HNX,04/12/2019,,12924,12924,12924,12924,0,0
231,SED,HNX,05/12/2019,,12924,12924,12924,12924,0,0
232,SED,HNX,06/12/2019,,12413,12632,12413,12632,1400,23830000
233,SED,HNX,09/12/2019,,12413,12632,12413,12632,0,0
234,SED,HNX,10/12/2019,,12413,12632,12413,12632,0,0
235,SED,HNX,11/12/2019,,12413,12632,12413,12632,0,0
236,SED,HNX,12/12/2019,,12413,12632,12413,12632,0,0
237,SED,HNX,13/12/2019,,12632,12632,12413,12632,6200,105460000
238,SED,HNX,16/12/2019,,12778,13070,12778,13070,200,3540000
239,SED,HNX,17/12/2019,,12778,13070,12778,13070,0,0
240,SED,HNX,18/12/2019,,12778,13070,12778,13070,0,0
241,SED,HNX,19/12/2019,,12778,13070,12778,13070,0,0
242,SED,HNX,20/12/2019,,12778,12778,12705,12705,6600,114970000
243,SED,HNX,23/12/2019,,12778,12778,12705,12705,0,0
244,SED,HNX,24/12/2019,,12778,12778,12705,12705,0,0
245,SED,HNX,25/12/2019,,12559,12559,12559,12559,300,5160000
246,SED,HNX,26/12/2019,,12778,12778,12778,12778,400,7000000
247,SED,HNX,27/12/2019,,12705,12705,12705,12705,300,5220000
248,SED,HNX,30/12/2019,,13912,13912,12867,12867,2300,37190000
249,SED,HNX,31/12/2019,,12867,12867,12786,12786,4700,75120000
250,SED,HNX,02/01/2020,,12786,12786,12706,12706,1000,15890000
251,SED,HNX,03/01/2020,,12465,12465,12465,12465,100,1550000
252,SED,HNX,06/01/2020,,12545,12545,12545,12545,200,3120000
253,SED,HNX,07/01/2020,,12867,12867,12867,12867,300,4800000
254,SED,HNX,08/01/2020,,11982,12706,11982,12706,200,3070000
255,SED,HNX,09/01/2020,,12706,12706,12706,12706,200,3160000
256,SED,HNX,10/01/2020,,11500,12465,11500,12465,300,4530000
257,SED,HNX,13/01/2020,,12465,12545,12465,12545,2200,34110000
258,SED,HNX,14/01/2020,,12465,12465,12465,12465,2300,35650000
259,SED,HNX,15/01/2020,,12465,12465,12465,12465,1000,15500000
260,SED,HNX,16/01/2020,,12465,12465,12465,12465,1000,15500000
261,SED,HNX,17/01/2020,,12465,12465,12465,12465,0,0
262,SED,HNX,20/01/2020,,12465,12465,12465,12465,0,0
263,SED,HNX,21/01/2020,,12465,12465,12465,12465,0,0
264,SED,HNX,22/01/2020,,12786,12786,12786,12786,100,1590000
265,SED,HNX,30/01/2020,,12465,12706,12143,12706,800,12350000
266,SED,HNX,31/01/2020,,12626,12626,12626,12626,200,3140000
267,SED,HNX,03/02/2020,,12626,12626,12304,12626,3100,48410000
268,SED,HNX,04/02/2020,,12626,12626,12304,12626,0,0
269,SED,HNX,05/02/2020,,12545,12545,12545,12545,200,3120000
270,SED,HNX,06/02/2020,,12304,12304,12304,12304,200,3060000
271,SED,HNX,07/02/2020,,12465,12465,12465,12465,100,1550000
272,SED,HNX,10/02/2020,,12384,12384,12384,12384,1000,15400000
273,SED,HNX,11/02/2020,,12384,12384,12384,12384,700,10780000
274,SED,HNX,12/02/2020,,12384,12384,12384,12384,700,10780000
275,SED,HNX,13/02/2020,,12384,12465,12384,12465,1700,26240000
276,SED,HNX,14/02/2020,,12384,12384,12223,12223,2500,38380000
277,SED,HNX,17/02/2020,,12706,12706,12706,12706,100,1580000
278,SED,HNX,18/02/2020,,12706,12706,12706,12706,0,0
279,SED,HNX,19/02/2020,,12706,12706,12706,12706,0,0
280,SED,HNX,20/02/2020,,12706,12706,12706,12706,0,0
281,SED,HNX,21/02/2020,,12706,12706,12706,12706,0,0
282,SED,HNX,24/02/2020,,11500,12304,11500,12304,700,10560000
283,SED,HNX,25/02/2020,,11500,12304,11500,12304,0,0
284,SED,HNX,26/02/2020,,11098,12063,11098,12063,500,7380000
285,SED,HNX,27/02/2020,,12063,12063,12063,12063,4800,72000000
286,SED,HNX,28/02/2020,,12465,12465,12465,12465,100,1550000
287,SED,HNX,02/03/2020,,12465,12465,12465,12465,0,0
288,SED,HNX,03/03/2020,,12063,12063,11258,11741,6100,87600000
289,SED,HNX,04/03/2020,,12063,12063,12063,12063,100,1500000
290,SED,HNX,05/03/2020,,12223,12223,12223,12223,100,1520000
291,SED,HNX,06/03/2020,,12223,12384,12223,12223,13100,199800000
292,SED,HNX,09/03/2020,,12465,12465,12143,12143,900,13870000
293,SED,HNX,10/03/2020,,11258,11982,11258,11982,8300,116870000
294,SED,HNX,11/03/2020,,12143,12143,11982,11982,4100,61410000
295,SED,HNX,12/03/2020,,11821,11821,11661,11661,1100,16150000
296,SED,HNX,13/03/2020,,11580,11580,11419,11419,2600,37170000
297,SED,HNX,16/03/2020,,11661,11661,11661,11661,100,1450000
298,SED,HNX,17/03/2020,,11661,11661,11661,11661,0,0
299,SED,HNX,18/03/2020,,11580,11580,11500,11500,1100,15830000
300,SED,HNX,19/03/2020,,11258,11258,10937,11258,1300,18020000
301,SED,HNX,20/03/2020,,10937,11741,10535,11741,3300,46320000
302,SED,HNX,23/03/2020,,10856,11741,10856,11741,7900,114240000
303,SED,HNX,24/03/2020,,11419,11661,11419,11661,3100,44920000
304,SED,HNX,25/03/2020,,11661,11741,11661,11741,2000,29180000
305,SED,HNX,26/03/2020,,11661,11661,11661,11661,1100,15950000
306,SED,HNX,27/03/2020,,11258,11258,10856,10937,2800,38390000
307,SED,HNX,30/03/2020,,11017,11017,10937,10937,1200,16340000
308,SED,HNX,31/03/2020,,11661,11661,10856,11258,900,12300000
309,SED,HNX,01/04/2020,,10856,10856,10696,10776,2900,39000000
310,SED,HNX,03/04/2020,,11178,11178,11178,11178,200,2780000
311,SED,HNX,06/04/2020,,11178,11258,11178,11258,2000,27900000
312,SED,HNX,07/04/2020,,11178,11258,11178,11258,0,0
313,SED,HNX,08/04/2020,,11258,11580,11258,11580,385500,5550680000
314,SED,HNX,09/04/2020,,11580,11580,11580,11580,135100,1945440000
315,SED,HNX,10/04/2020,,11580,11580,11580,11580,0,0
316,SED,HNX,13/04/2020,,11580,11580,11580,11580,100,1440000
317,SED,HNX,14/04/2020,,11580,11580,11580,11580,0,0
318,SED,HNX,15/04/2020,,11258,11258,11258,11258,600,8400000
319,SED,HNX,16/04/2020,,11258,11258,11258,11258,0,0
320,SED,HNX,17/04/2020,,11902,11902,11902,11902,100,1480000
321,SED,HNX,20/04/2020,,11339,11661,11339,11661,1100,15550000
322,SED,HNX,21/04/2020,,11339,11661,11339,11661,0,0
323,SED,HNX,22/04/2020,,11339,11661,11339,11661,0,0
324,SED,HNX,23/04/2020,,11258,11258,11258,11258,100,1400000
325,SED,HNX,24/04/2020,,11258,11258,11258,11258,100,1400000
326,SED,HNX,27/04/2020,,11258,11419,10937,11419,4500,62180000
327,SED,HNX,28/04/2020,,11178,12465,10937,12465,3600,50240000
328,SED,HNX,29/04/2020,,11339,11419,11339,11419,400,5650000
329,SED,HNX,04/05/2020,,11339,11419,11339,11419,0,0
330,SED,HNX,05/05/2020,,11580,11580,11580,11580,100,1440000
331,SED,HNX,06/05/2020,,11580,11580,11580,11580,0,0
332,SED,HNX,07/05/2020,,11580,11580,11580,11580,100,1440000
333,SED,HNX,08/05/2020,,11580,11580,11258,11258,400,5640000
334,SED,HNX,11/05/2020,,11339,11339,11339,11339,1000,14100000
335,SED,HNX,12/05/2020,,11339,11339,11339,11339,0,0
336,SED,HNX,13/05/2020,,11339,11339,11339,11339,1000,14100000
337,SED,HNX,14/05/2020,,11017,11178,11017,11178,200,2760000
338,SED,HNX,15/05/2020,,11339,11339,11178,11178,3600,50240000
339,SED,HNX,18/05/2020,,11339,11339,11178,11178,0,0
340,SED,HNX,19/05/2020,,11339,11339,11178,11178,0,0
341,SED,HNX,20/05/2020,,11902,11902,11258,11741,1300,18340000
342,SED,HNX,21/05/2020,,11258,11821,11258,11258,3600,50490000
343,SED,HNX,22/05/2020,,11258,11339,11258,11339,2000,28060000
344,SED,HNX,25/05/2020,,11419,11419,11419,11419,100,1420000
345,SED,HNX,26/05/2020,,11580,11580,11580,11580,100,1440000
346,SED,HNX,27/05/2020,,11821,11821,11258,11258,8300,116270000
347,SED,HNX,28/05/2020,,11258,11258,11258,11258,8500,119000000
348,SED,HNX,29/05/2020,,11339,11339,11258,11258,800,11230000
349,SED,HNX,01/06/2020,,10133,11419,10133,11339,300,4090000
350,SED,HNX,02/06/2020,,11339,11339,11178,11178,2700,37970000
351,SED,HNX,03/06/2020,,11178,11178,11178,11178,0,0
352,SED,HNX,04/06/2020,,12223,12223,11178,11178,200,2910000
353,SED,HNX,05/06/2020,,12143,12143,12143,12143,100,1510000
354,SED,HNX,08/06/2020,,11661,11661,11661,11661,1100,15950000
355,SED,HNX,09/06/2020,,11258,11258,11258,11258,2500,35000000
356,SED,HNX,10/06/2020,,11258,11258,11258,11258,0,0
357,SED,HNX,11/06/2020,,11258,11339,11258,11339,600,8410000
358,SED,HNX,12/06/2020,,11982,11982,11258,11258,1100,15490000
359,SED,HNX,15/06/2020,,11982,11982,11258,11258,500,7090000
360,SED,HNX,16/06/2020,,11258,11500,10937,11500,9200,126920000
361,SED,HNX,17/06/2020,,11258,11339,11098,11258,2200,30650000
362,SED,HNX,18/06/2020,,11098,11580,11017,11580,800,11050000
363,SED,HNX,19/06/2020,,11419,11419,11098,11098,2400,33210000
364,SED,HNX,22/06/2020,,11419,11419,11258,11258,200,2820000
365,SED,HNX,23/06/2020,,11580,11580,11258,11258,3400,47640000
366,SED,HNX,24/06/2020,,11580,11580,11258,11258,200,2840000
367,SED,HNX,25/06/2020,,11580,11580,11580,11580,100,1440000
368,SED,HNX,26/06/2020,,11580,11580,11580,11580,0,0
369,SED,HNX,29/06/2020,,11258,11258,11258,11258,2500,35000000
370,SED,HNX,30/06/2020,,11178,11178,11017,11017,3200,43980000
371,SED,HNX,01/07/2020,,11258,11258,11258,11258,2000,28000000
372,SED,HNX,02/07/2020,,11098,11098,11098,11098,1000,13800000
373,SED,HNX,03/07/2020,,11098,11258,11017,11258,5000,68600000
374,SED,HNX,06/07/2020,,11258,11258,11258,11258,5400,75600000
375,SED,HNX,07/07/2020,,11258,11258,11258,11258,100,1400000
376,SED,HNX,08/07/2020,,11419,11419,11419,11419,200,2840000
377,SED,HNX,09/07/2020,,11258,11258,11258,11258,1600,22400000
378,SED,HNX,10/07/2020,,11178,11178,11098,11098,8100,112080000
379,SED,HNX,13/07/2020,,11098,11258,11098,11098,3600,49700000
380,SED,HNX,14/07/2020,,11258,11258,11258,11258,100,1400000
381,SED,HNX,15/07/2020,,11258,11258,11258,11258,0,0
382,SED,HNX,16/07/2020,,11178,11258,11178,11178,6000,83430000
383,SED,HNX,17/07/2020,,11258,11258,11178,11178,200,2790000
384,SED,HNX,20/07/2020,,11178,11178,11178,11178,200,2780000
385,SED,HNX,21/07/2020,,11178,11178,11178,11178,0,0
386,SED,HNX,22/07/2020,,11178,11178,11178,11178,100,1390000
387,SED,HNX,23/07/2020,,11178,11178,11178,11178,100,1390000
388,SED,HNX,24/07/2020,,11098,11178,11098,11178,300,4150000
389,SED,HNX,27/07/2020,,11098,11098,11017,11017,900,12400000
390,SED,HNX,28/07/2020,,11098,11098,11017,11017,0,0
391,SED,HNX,29/07/2020,,11098,11098,11017,11017,0,0
392,SED,HNX,30/07/2020,,10856,10856,10454,10454,2000,26480000
393,SED,HNX,31/07/2020,,10454,10454,10454,10454,4000,52000000
394,SED,HNX,03/08/2020,,11178,11178,11178,11178,100,1390000
395,SED,HNX,04/08/2020,,11178,11178,11178,11178,0,0
396,SED,HNX,05/08/2020,,11580,11580,11580,11580,100,1440000
397,SED,HNX,06/08/2020,,11580,11580,11580,11580,0,0
398,SED,HNX,07/08/2020,,11258,11258,11258,11258,8200,114800000
399,SED,HNX,10/08/2020,,11258,11258,11258,11258,1300,18200000
400,SED,HNX,11/08/2020,,11419,11419,11339,11339,300,4240000
401,SED,HNX,12/08/2020,,11339,11339,11258,11258,3000,42200000
402,SED,HNX,13/08/2020,,11258,11258,11258,11258,2100,29400000
403,SED,HNX,14/08/2020,,11258,11258,11258,11258,1600,22400000
404,SED,HNX,17/08/2020,,11258,11258,11258,11258,0,0
405,SED,HNX,18/08/2020,,11258,11258,11258,11258,600,8400000
406,SED,HNX,19/08/2020,,11258,11258,11258,11258,0,0
407,SED,HNX,20/08/2020,,11258,11258,11258,11258,1400,19600000
408,SED,HNX,21/08/2020,,11258,11258,11258,11258,0,0
409,SED,HNX,24/08/2020,,11258,11258,11258,11258,0,0
410,SED,HNX,25/08/2020,,11258,11258,11258,11258,0,0
411,SED,HNX,26/08/2020,,11661,11661,11661,11661,100,1450000
412,SED,HNX,27/08/2020,,11661,11661,11661,11661,0,0
413,SED,HNX,28/08/2020,,11661,11661,11661,11661,200,2900000
414,SED,HNX,31/08/2020,,11661,11661,11661,11661,0,0
415,SED,HNX,01/09/2020,,11178,11178,11178,11178,500,6950000
416,SED,HNX,03/09/2020,,11178,11178,11178,11178,0,0
417,SED,HNX,04/09/2020,,11661,11661,11661,11661,100,1450000
418,SED,HNX,07/09/2020,,11661,11661,11661,11661,0,0
419,SED,HNX,08/09/2020,,11661,11661,11661,11661,0,0
420,SED,HNX,09/09/2020,,11661,11661,11661,11661,0,0
421,SED,HNX,10/09/2020,,11661,11661,11661,11661,0,0
422,SED,HNX,11/09/2020,,11661,11661,11661,11661,0,0
423,SED,HNX,14/09/2020,,11661,11661,11661,11661,0,0
424,SED,HNX,15/09/2020,,11661,11661,11661,11661,100,1450000
425,SED,HNX,16/09/2020,,11661,11661,11661,11661,0,0
426,SED,HNX,17/09/2020,,11661,11661,11661,11661,700,10150000
427,SED,HNX,18/09/2020,,11661,11661,11661,11661,400,5800000
428,SED,HNX,21/09/2020,,11661,11661,11661,11661,1500,21750000
429,SED,HNX,22/09/2020,,11661,11661,11661,11661,300,4350000
430,SED,HNX,23/09/2020,,11661,11661,11661,11661,0,0
431,SED,HNX,24/09/2020,,11258,11258,11258,11258,4200,58800000
432,SED,HNX,25/09/2020,,11258,11258,11258,11258,0,0
433,SED,HNX,28/09/2020,,11419,11580,11419,11580,300,4280000
434,SED,HNX,29/09/2020,,11419,11580,11419,11580,0,0
435,SED,HNX,30/09/2020,,11258,11580,11258,11580,4700,66040000
436,SED,HNX,01/10/2020,,11580,11580,11580,11580,200,2880000
437,SED,HNX,02/10/2020,,11580,11580,11580,11580,100,1440000
438,SED,HNX,05/10/2020,,11580,11580,11580,11580,3400,48960000
439,SED,HNX,06/10/2020,,11982,11982,11982,11982,100,1490000
440,SED,HNX,07/10/2020,,11982,11982,11661,11661,1100,16070000
441,SED,HNX,08/10/2020,,11982,11982,11661,11661,0,0
442,SED,HNX,09/10/2020,,11982,11982,11982,11982,100,1490000
443,SED,HNX,12/10/2020,,10937,11821,10937,11017,28600,390760000
444,SED,HNX,13/10/2020,,10937,11821,10937,11017,0,0
445,SED,HNX,14/10/2020,,11098,11098,11098,11098,1500,20700000
446,SED,HNX,15/10/2020,,11098,11098,11098,11098,0,0
447,SED,HNX,16/10/2020,,11178,11661,11098,11661,800,11160000
448,SED,HNX,19/10/2020,,11661,11982,11661,11982,6500,96250000
449,SED,HNX,20/10/2020,,11982,12063,11982,12063,15500,231390000
450,SED,HNX,21/10/2020,,12223,12223,12223,12223,5200,79040000
451,SED,HNX,22/10/2020,,12143,12143,12143,12143,300,4530000
452,SED,HNX,23/10/2020,,12063,12063,12063,12063,2000,30000000
453,SED,HNX,26/10/2020,,12143,12304,12063,12063,1600,24270000
454,SED,HNX,27/10/2020,,11580,11580,11258,11258,1500,21420000
455,SED,HNX,28/10/2020,,11419,11741,11258,11661,9500,135960000
456,SED,HNX,29/10/2020,,11661,11902,11661,11902,3300,48150000
457,SED,HNX,30/10/2020,,11661,11661,11661,11661,5000,72500000
458,SED,HNX,02/11/2020,,12786,12786,12786,12786,100,1590000
459,SED,HNX,03/11/2020,,11661,11902,11661,11902,88200,1278990000
460,SED,HNX,04/11/2020,,11661,11902,11661,11902,0,0
461,SED,HNX,05/11/2020,,11661,11902,11661,11902,0,0
462,SED,HNX,06/11/2020,,12063,12063,12063,12063,2000,30000000
463,SED,HNX,09/11/2020,,12063,12063,12063,12063,500,7500000
464,SED,HNX,10/11/2020,,12223,12223,12223,12223,5900,89680000
465,SED,HNX,11/11/2020,,12223,12223,12223,12223,0,0
466,SED,HNX,12/11/2020,,12063,12384,12063,12384,600,9040000
467,SED,HNX,13/11/2020,,12063,12384,12063,12384,0,0
468,SED,HNX,16/11/2020,,12626,12626,12626,12626,500,7850000
469,SED,HNX,17/11/2020,,12626,12626,12465,12626,5100,80010000
470,SED,HNX,18/11/2020,,12626,12626,12626,12626,100,1570000
471,SED,HNX,19/11/2020,,12223,12545,12223,12545,300,4600000
472,SED,HNX,20/11/2020,,12223,12545,12223,12545,0,0
473,SED,HNX,23/11/2020,,12465,12545,12465,12545,1000,15560000
474,SED,HNX,24/11/2020,,12465,12545,12465,12545,0,0
475,SED,HNX,25/11/2020,,12545,12706,12545,12706,2100,32780000
476,SED,HNX,26/11/2020,,12706,12706,12706,12706,1000,15800000
477,SED,HNX,27/11/2020,,12706,12706,12706,12706,9200,145360000
478,SED,HNX,30/11/2020,,12706,12706,12706,12706,1500,23700000
479,SED,HNX,01/12/2020,,12706,12706,12706,12706,0,0
480,SED,HNX,02/12/2020,,12706,12706,12706,12706,1700,26860000
481,SED,HNX,03/12/2020,,12706,12706,12706,12706,2800,44240000
482,SED,HNX,04/12/2020,,12706,12706,12706,12706,4000,63200000
483,SED,HNX,07/12/2020,,12706,12786,12706,12786,8800,139120000
484,SED,HNX,08/12/2020,,12786,12786,12786,12786,100,1590000
485,SED,HNX,09/12/2020,,12786,12786,12706,12786,7600,120540000
486,SED,HNX,10/12/2020,,12786,12786,12706,12786,0,0
487,SED,HNX,11/12/2020,,12786,12786,12706,12786,0,0
488,SED,HNX,14/12/2020,,12786,12786,12706,12786,10900,172970000
489,SED,HNX,15/12/2020,,12867,12867,12867,12867,100,1600000
490,SED,HNX,16/12/2020,,12867,13028,12867,13028,1600,25620000
491,SED,HNX,17/12/2020,,13108,13108,13108,13108,100,1630000
492,SED,HNX,18/12/2020,,13108,13108,12947,13028,3000,48450000
493,SED,HNX,21/12/2020,,13028,13108,13028,13028,2300,37360000
494,SED,HNX,22/12/2020,,13028,13189,13028,13189,2300,37510000
495,SED,HNX,23/12/2020,,13028,13269,13028,13269,3200,52730000
496,SED,HNX,24/12/2020,,12867,13189,12867,13189,1100,17640000
497,SED,HNX,25/12/2020,,13189,13189,13189,13189,400,6560000
498,SED,HNX,28/12/2020,,13189,13269,13189,13269,1300,21380000
499,SED,HNX,29/12/2020,,13269,13349,13269,13269,5700,94060000
500,SED,HNX,30/12/2020,,13269,13269,13269,13269,1000,16500000
501,SED,HNX,31/12/2020,,13430,13510,13430,13430,2000,33430000
502,SED,HNX,04/01/2021,,13671,14073,13671,13832,5400,93340000
503,SED,HNX,05/01/2021,,13993,14073,13912,14073,4300,74830000
504,SED,HNX,06/01/2021,,14234,14234,14073,14073,3300,57770000
505,SED,HNX,07/01/2021,,13993,14234,13993,14234,1200,21130000
506,SED,HNX,08/01/2021,,14073,14234,13671,13912,14700,255430000
507,SED,HNX,11/01/2021,,14154,14154,14154,14154,100,1760000
508,SED,HNX,12/01/2021,,14154,14314,14154,14154,2400,42320000
509,SED,HNX,13/01/2021,,14154,14234,14073,14154,14900,261830000
510,SED,HNX,14/01/2021,,14154,14395,14073,14154,17700,310210000
511,SED,HNX,15/01/2021,,14154,14154,14154,14154,2800,49280000
512,SED,HNX,18/01/2021,,14154,14154,13912,14073,12400,217030000
513,SED,HNX,19/01/2021,,13912,13912,13510,13832,14600,249830000
514,SED,HNX,20/01/2021,,13832,13832,13510,13751,6800,115510000
515,SED,HNX,21/01/2021,,13751,13832,13751,13832,2700,46300000
516,SED,HNX,22/01/2021,,14154,14154,13671,13671,17900,306920000
517,SED,HNX,25/01/2021,,14154,14154,13671,13671,0,0
518,SED,HNX,26/01/2021,,13751,14395,13671,13671,2000,34200000
519,SED,HNX,27/01/2021,,13832,13832,13671,13671,4500,76590000
520,SED,HNX,28/01/2021,,13430,13430,13189,13189,7000,116060000
521,SED,HNX,29/01/2021,,13189,14395,13189,14314,3500,62270000
522,SED,HNX,01/02/2021,,13751,13751,13671,13671,3000,51100000
523,SED,HNX,02/02/2021,,13671,13671,13510,13671,1200,20300000
524,SED,HNX,03/02/2021,,13510,13510,13510,13510,4700,78960000
525,SED,HNX,04/02/2021,,13510,13671,13269,13671,4800,79870000
526,SED,HNX,05/02/2021,,13671,13671,13671,13671,700,11900000
527,SED,HNX,08/02/2021,,13430,13430,13430,13430,1000,16700000
528,SED,HNX,09/02/2021,,13751,13751,13751,13751,900,15390000
529,SED,HNX,17/02/2021,,13912,13912,13912,13912,1400,24220000
530,SED,HNX,18/02/2021,,14073,14073,14073,14073,100,1750000
531,SED,HNX,19/02/2021,,13751,13751,13591,13671,2800,47600000
532,SED,HNX,22/02/2021,,13993,13993,13832,13912,5500,95150000
533,SED,HNX,23/02/2021,,13912,13912,13751,13912,2700,46440000
534,SED,HNX,24/02/2021,,13832,13912,13751,13912,8400,144570000
535,SED,HNX,25/02/2021,,13912,13912,13912,13912,1500,25950000
536,SED,HNX,26/02/2021,,13832,13912,13751,13912,1800,30950000
537,SED,HNX,01/03/2021,,13912,14314,13912,14314,19800,347700000
538,SED,HNX,02/03/2021,,14395,14797,14314,14716,30900,555960000
539,SED,HNX,03/03/2021,,14475,15199,14314,15199,23600,426720000
540,SED,HNX,04/03/2021,,14877,14877,14716,14716,3900,71840000
541,SED,HNX,05/03/2021,,14314,14716,14314,14716,2700,48390000
542,SED,HNX,08/03/2021,,14636,14636,14395,14636,2800,50390000
543,SED,HNX,09/03/2021,,14395,14636,14073,14234,3800,67410000
544,SED,HNX,10/03/2021,,14314,14475,14314,14314,13500,241730000
545,SED,HNX,11/03/2021,,14395,14475,14395,14475,2400,42990000
546,SED,HNX,12/03/2021,,14475,14475,14395,14475,2600,46590000
547,SED,HNX,15/03/2021,,14475,14475,14395,14395,1800,32290000
548,SED,HNX,16/03/2021,,14395,14395,14314,14395,18200,324210000
549,SED,HNX,17/03/2021,,14395,14556,14395,14556,8800,158400000
550,SED,HNX,18/03/2021,,14556,14556,14475,14475,3500,63050000
551,SED,HNX,19/03/2021,,14556,14958,14475,14958,24800,451230000
552,SED,HNX,22/03/2021,,14958,15360,14958,15279,54400,1026790000
553,SED,HNX,23/03/2021,,15279,15279,15038,15119,2100,39590000
554,SED,HNX,24/03/2021,,14797,15119,14475,15119,10600,194220000
555,SED,HNX,25/03/2021,,14877,14877,14877,14877,3900,72150000
556,SED,HNX,26/03/2021,,14877,14958,14716,14958,11600,213930000
557,SED,HNX,29/03/2021,,14958,15279,14958,15199,26300,496730000
558,SED,HNX,30/03/2021,,14958,15199,14958,15119,5500,103070000
559,SED,HNX,31/03/2021,,14958,15119,14797,15119,9800,181910000
560,SED,HNX,01/04/2021,,15119,15119,14797,15119,7600,142630000
561,SED,HNX,02/04/2021,,15119,15119,15119,15119,3000,56400000
562,SED,HNX,05/04/2021,,15199,15199,14877,15119,12200,228310000
563,SED,HNX,06/04/2021,,15119,15119,14877,15119,12100,226980000
564,SED,HNX,07/04/2021,,15199,15199,15119,15119,10800,203180000
565,SED,HNX,08/04/2021,,14877,15279,14877,14877,314800,5828410000
566,SED,HNX,09/04/2021,,14877,15279,14797,15279,83100,1537370000
567,SED,HNX,12/04/2021,,15279,15762,14877,15681,96400,1811090000
568,SED,HNX,13/04/2021,,15681,16164,15681,16003,48600,965990000
569,SED,HNX,14/04/2021,,16084,16084,15681,15762,39000,766920000
570,SED,HNX,15/04/2021,,15842,15842,15199,15279,33600,641480000
571,SED,HNX,16/04/2021,,15199,15681,15199,15279,75100,1448570000
572,SED,HNX,19/04/2021,,15601,15601,15521,15601,14400,278870000
573,SED,HNX,20/04/2021,,15601,15681,15521,15601,6100,118350000
574,SED,HNX,22/04/2021,,15360,15521,15279,15360,28100,536620000
575,SED,HNX,23/04/2021,,15360,15842,15279,15762,33300,640540000
576,SED,HNX,26/04/2021,,15842,15842,15601,15681,57400,1120530000
577,SED,HNX,27/04/2021,,16721,16721,15855,15941,11900,220390000
578,SED,HNX,28/04/2021,,15941,16028,15941,15941,9800,180340000
579,SED,HNX,29/04/2021,,15941,15941,15595,15595,4300,77910000
580,SED,HNX,04/05/2021,,15595,15595,15335,15508,20000,357480000
581,SED,HNX,05/05/2021,,15508,15508,15162,15248,10500,185290000
582,SED,HNX,06/05/2021,,15248,15422,15248,15335,11400,202110000
583,SED,HNX,07/05/2021,,15335,15335,15335,15335,6900,122130000
584,SED,HNX,10/05/2021,,15335,15335,15248,15335,12900,227110000
585,SED,HNX,11/05/2021,,15075,15335,15075,15335,2400,41820000
586,SED,HNX,12/05/2021,,15335,15335,15075,15162,10400,181900000
587,SED,HNX,13/05/2021,,15075,15335,15075,15248,10100,176870000
588,SED,HNX,14/05/2021,,15075,15335,15075,15335,3100,54570000
589,SED,HNX,17/05/2021,,15162,15335,15162,15248,6000,105310000
590,SED,HNX,18/05/2021,,15162,15248,15075,15162,15500,270800000
591,SED,HNX,19/05/2021,,15162,15162,15075,15162,16700,291060000
592,SED,HNX,20/05/2021,,15162,15162,15162,15162,4400,77000000
593,SED,HNX,21/05/2021,,15162,15162,15075,15162,4300,75020000
594,SED,HNX,24/05/2021,,15162,15335,15162,15335,12500,219670000
595,SED,HNX,25/05/2021,,15335,15335,15162,15162,6800,119250000
596,SED,HNX,26/05/2021,,15162,15162,15075,15162,5100,89240000
597,SED,HNX,27/05/2021,,15162,15162,15075,15075,34300,598670000
598,SED,HNX,28/05/2021,,15075,15162,15075,15162,27300,477350000
599,SED,HNX,31/05/2021,,15162,15248,15075,15248,10100,176240000
600,SED,HNX,01/06/2021,,15162,15162,15075,15075,14500,252550000
601,SED,HNX,02/06/2021,,14988,15162,14988,15162,9300,161180000
602,SED,HNX,03/06/2021,,15075,15768,14902,15768,60400,1048230000
603,SED,HNX,04/06/2021,,15941,15941,14902,15335,69300,1202110000
604,SED,HNX,07/06/2021,,15335,15335,14988,14988,12900,223440000
605,SED,HNX,08/06/2021,,14988,14988,14902,14902,14300,247150000
606,SED,HNX,09/06/2021,,14815,14902,14729,14902,9100,155110000
607,SED,HNX,10/06/2021,,14902,15422,14555,14642,9100,155480000
608,SED,HNX,11/06/2021,,14642,14902,14642,14815,7500,127750000
609,SED,HNX,14/06/2021,,14815,15162,14729,15075,9900,168990000
610,SED,HNX,15/06/2021,,15075,15075,14729,14729,4200,72000000
611,SED,HNX,16/06/2021,,14815,14815,14729,14729,7000,119200000
612,SED,HNX,17/06/2021,,14902,14988,14902,14988,1800,31010000
613,SED,HNX,18/06/2021,,14902,14988,14902,14988,1400,24140000
614,SED,HNX,21/06/2021,,14988,15075,14988,14988,6300,109030000
615,SED,HNX,22/06/2021,,15075,15075,14988,14988,6800,118150000
616,SED,HNX,23/06/2021,,15075,15075,14988,14988,3400,59060000
617,SED,HNX,24/06/2021,,15075,15075,14988,14988,1100,19040000
618,SED,HNX,25/06/2021,,14988,14988,14988,14988,5900,102070000
619,SED,HNX,28/06/2021,,14988,15075,14902,14902,33500,579350000
620,SED,HNX,29/06/2021,,14988,14988,14729,14815,5000,85450000
621,SED,HNX,30/06/2021,,14815,14902,14815,14815,7800,133880000
622,SED,HNX,01/07/2021,,14902,14902,14902,14902,500,8600000
623,SED,HNX,02/07/2021,,15075,15162,15075,15162,600,10470000
624,SED,HNX,05/07/2021,,15162,15162,14988,15162,5500,95980000
625,SED,HNX,06/07/2021,,14988,15075,14729,15075,4300,73540000
626,SED,HNX,07/07/2021,,15075,15075,15075,15075,2400,41760000
627,SED,HNX,08/07/2021,,15075,15075,15075,15075,200,3480000
628,SED,HNX,09/07/2021,,15075,15075,14729,14729,20300,348260000
629,SED,HNX,12/07/2021,,14729,14729,14295,14295,29800,501280000
630,SED,HNX,13/07/2021,,14295,14295,14035,14295,50000,812400000
631,SED,HNX,14/07/2021,,14295,14295,14295,14295,1300,21450000
632,SED,HNX,15/07/2021,,14382,14382,14295,14295,4000,66130000
633,SED,HNX,16/07/2021,,14642,15162,14642,14988,5300,91760000
634,SED,HNX,19/07/2021,,14555,14729,14295,14729,15600,259660000
635,SED,HNX,20/07/2021,,14729,14729,14729,14729,1100,18700000
636,SED,HNX,21/07/2021,,14729,14729,14729,14729,1000,17000000
637,SED,HNX,22/07/2021,,14815,14815,14815,14815,100,1710000
638,SED,HNX,23/07/2021,,14815,14815,14815,14815,5600,95760000
639,SED,HNX,26/07/2021,,14815,14815,14815,14815,1000,17100000
640,SED,HNX,27/07/2021,,14815,14815,14815,14815,0,0
641,SED,HNX,28/07/2021,,14902,15075,14902,14988,800,13850000
642,SED,HNX,29/07/2021,,14902,14988,14902,14902,900,15510000
643,SED,HNX,30/07/2021,,14902,14988,14902,14902,800,13800000
644,SED,HNX,02/08/2021,,14902,15075,14815,15075,13400,230550000
645,SED,HNX,03/08/2021,,14988,15075,14902,15075,3000,51630000
646,SED,HNX,04/08/2021,,15075,15075,14988,15075,1500,25970000
647,SED,HNX,05/08/2021,,15075,15162,15075,15162,8900,154960000
648,SED,HNX,06/08/2021,,15162,15162,15162,15162,1500,26250000
649,SED,HNX,09/08/2021,,15162,16461,15162,15768,13700,252060000
650,SED,HNX,10/08/2021,,15855,15855,15682,15682,7500,136420000
651,SED,HNX,11/08/2021,,15595,15595,15508,15508,700,12580000
652,SED,HNX,12/08/2021,,15508,15595,15508,15508,2700,48410000
653,SED,HNX,13/08/2021,,15595,15595,15508,15508,1000,17980000
654,SED,HNX,16/08/2021,,15595,15595,15422,15508,3400,60810000
655,SED,HNX,17/08/2021,,15682,15768,15508,15508,16600,299110000
656,SED,HNX,18/08/2021,,15595,15595,15508,15508,3300,59210000
657,SED,HNX,19/08/2021,,15595,15595,15508,15595,8500,152500000
658,SED,HNX,20/08/2021,,15682,15855,15508,15508,24700,446690000
659,SED,HNX,23/08/2021,,15162,15595,15162,15595,1200,21100000
660,SED,HNX,24/08/2021,,15682,16894,15682,16201,24600,458700000
661,SED,HNX,25/08/2021,,16375,17328,16375,16635,19400,373940000
662,SED,HNX,26/08/2021,,16894,17328,16635,17154,27400,541030000
663,SED,HNX,27/08/2021,,17154,17154,16721,16721,8100,157560000
664,SED,HNX,30/08/2021,,16808,16981,16461,16981,11300,219110000
665,SED,HNX,31/08/2021,,16808,16981,16461,16981,11900,228540000
666,SED,HNX,01/09/2021,,16981,16981,16635,16721,3500,67740000
667,SED,HNX,06/09/2021,,16721,17328,16721,17241,25200,496860000
668,SED,HNX,07/09/2021,,17328,17674,17154,17241,20800,415060000
669,SED,HNX,08/09/2021,,16721,17328,16721,17241,10800,214690000
670,SED,HNX,09/09/2021,,17328,17328,16461,17068,1600,31400000
671,SED,HNX,10/09/2021,,17328,18367,17154,18367,52900,1094210000
672,SED,HNX,13/09/2021,,18367,19580,18367,19320,51200,1129030000
673,SED,HNX,14/09/2021,,19234,19927,19060,19494,37200,841020000
674,SED,HNX,15/09/2021,,19060,19494,18974,19407,10800,240140000
675,SED,HNX,16/09/2021,,20793,21226,18887,19927,31200,694490000
676,SED,HNX,17/09/2021,,19927,19927,18541,18627,50200,1090210000
677,SED,HNX,20/09/2021,,18627,18627,18281,18367,44700,949810000
678,SED,HNX,21/09/2021,,18367,18367,18021,18194,36200,759570000
679,SED,HNX,22/09/2021,,18281,18281,18107,18194,146900,3085930000
680,SED,HNX,23/09/2021,,18281,18801,18281,18627,158500,3405090000
681,SED,HNX,24/09/2021,,18714,18714,18194,18194,27400,580040000
682,SED,HNX,27/09/2021,,18194,18194,17328,17328,41600,846320000
683,SED,HNX,28/09/2021,,17328,17328,16721,17068,293200,5779240000
684,SED,HNX,29/09/2021,,17068,18714,16981,18714,65800,1389470000
685,SED,HNX,30/09/2021,,19494,19494,18714,18714,46600,1019490000
686,SED,HNX,01/10/2021,,18714,18714,18194,18627,42100,890170000
687,SED,HNX,04/10/2021,,19060,19667,18714,19580,61700,1371240000
688,SED,HNX,05/10/2021,,19927,19927,19060,19754,59300,1344880000
689,SED,HNX,06/10/2021,,19147,19667,18887,19667,124000,2727030000
690,SED,HNX,07/10/2021,,19494,19494,19234,19494,9600,215120000
691,SED,HNX,08/10/2021,,18281,19667,18281,19580,34500,767590000
692,SED,HNX,11/10/2021,,19580,19580,19147,19320,16300,362830000
693,SED,HNX,12/10/2021,,19320,19407,19234,19320,29900,666800000
694,SED,HNX,13/10/2021,,19147,19927,19060,19927,59100,1321780000
695,SED,HNX,14/10/2021,,20273,20273,19234,19754,21300,478100000
696,SED,HNX,15/10/2021,,19580,20360,19407,19840,16000,361500000
697,SED,HNX,18/10/2021,,19840,19840,19494,19754,13200,298460000
698,SED,HNX,19/10/2021,,19234,19754,19060,19494,24600,544480000
699,SED,HNX,20/10/2021,,20187,20187,18714,19060,36700,806430000
700,SED,HNX,21/10/2021,,18627,19060,18627,19060,7200,155820000
701,SED,HNX,22/10/2021,,18714,18974,18627,18974,34400,744450000
702,SED,HNX,25/10/2021,,18974,19754,18974,18974,27500,609120000
703,SED,HNX,26/10/2021,,19060,19580,18887,19580,22700,499580000
704,SED,HNX,27/10/2021,,19580,19927,19407,19494,6200,139700000
705,SED,HNX,28/10/2021,,19494,19494,19147,19494,10600,237260000
706,SED,HNX,29/10/2021,,19494,19667,19407,19667,21200,477200000
707,SED,HNX,01/11/2021,,19667,19667,19407,19667,43500,981090000
708,SED,HNX,02/11/2021,,19667,19667,19407,19667,37500,846890000
709,SED,HNX,03/11/2021,,19667,19927,19407,19407,19700,445890000
710,SED,HNX,04/11/2021,,19060,19667,19060,19667,14400,321210000
711,SED,HNX,05/11/2021,,19494,19667,19234,19667,12800,284620000
712,SED,HNX,08/11/2021,,19667,19754,19580,19667,17700,401570000
713,SED,HNX,09/11/2021,,19667,19927,19580,19927,42500,965740000
714,SED,HNX,10/11/2021,,19840,19927,19754,19927,17400,398060000
715,SED,HNX,11/11/2021,,19927,20013,19840,19840,35300,811040000
716,SED,HNX,12/11/2021,,20013,20013,19407,19840,28600,649320000
717,SED,HNX,15/11/2021,,19840,19927,19667,19927,12700,291280000
718,SED,HNX,16/11/2021,,20793,20793,19927,20013,13500,315850000
719,SED,HNX,17/11/2021,,20013,20273,19927,20273,13500,312990000
720,SED,HNX,18/11/2021,,20100,20273,19667,20100,13000,300610000
721,SED,HNX,19/11/2021,,19754,20100,19667,19840,11300,258930000
722,SED,HNX,22/11/2021,,19840,19840,19320,19667,18000,404040000
723,SED,HNX,23/11/2021,,19494,19667,19407,19667,9100,205640000
724,SED,HNX,24/11/2021,,19407,19667,19320,19667,13600,305040000
725,SED,HNX,25/11/2021,,19667,19667,19320,19320,14900,333900000
726,SED,HNX,26/11/2021,,19320,19494,19147,19494,7800,173450000
727,SED,HNX,29/11/2021,,19494,19494,19060,19320,5500,122300000
728,SED,HNX,30/11/2021,,19494,19840,19060,19580,41200,915430000
729,SED,HNX,01/12/2021,,19494,19927,19320,19927,28400,644840000
730,SED,HNX,02/12/2021,,19927,20793,19667,20360,52800,1237270000
731,SED,HNX,03/12/2021,,20360,20360,19754,20360,12100,279010000
732,SED,HNX,06/12/2021,,20360,20360,19060,19667,11300,257230000
733,SED,HNX,07/12/2021,,19234,19667,19234,19667,7000,156930000
734,SED,HNX,08/12/2021,,19667,19754,19407,19754,4100,92810000
735,SED,HNX,09/12/2021,,19667,19927,19667,19840,3900,89110000
736,SED,HNX,10/12/2021,,19840,19927,19840,19840,8800,202070000
737,SED,HNX,13/12/2021,,19840,19840,19840,19840,1600,36640000
738,SED,HNX,14/12/2021,,19234,19840,19147,19840,5700,128610000
739,SED,HNX,15/12/2021,,19840,19840,19754,19754,600,13730000
740,SED,HNX,16/12/2021,,20793,20793,19580,19754,3400,77620000
741,SED,HNX,17/12/2021,,19494,19927,19407,19927,8100,182280000
742,SED,HNX,20/12/2021,,19840,19840,19840,19840,100,2290000
743,SED,HNX,21/12/2021,,19580,19840,19320,19840,2700,61540000
744,SED,HNX,22/12/2021,,19147,19927,19147,19754,7100,159440000
745,SED,HNX,23/12/2021,,19754,19754,19234,19667,1700,37910000
746,SED,HNX,24/12/2021,,19234,19667,19060,19667,8500,187640000
747,SED,HNX,27/12/2021,,19667,19667,19494,19494,600,13580000
748,SED,HNX,28/12/2021,,19060,19840,19060,19754,1300,29330000
749,SED,HNX,29/12/2021,,19494,19667,19494,19667,700,15790000
750,SED,HNX,30/12/2021,,19407,19407,19407,19407,2100,47040000
751,SED,HNX,31/12/2021,,19754,19754,19234,19754,3600,81060000
752,SED,HNX,04/01/2022,,19147,19754,19147,19494,2300,52000
753,SED,HNX,05/01/2022,,19147,19667,19147,19580,10300,232530
754,SED,HNX,06/01/2022,,19580,19580,19407,19407,8200,184010
755,SED,HNX,07/01/2022,,19927,19927,19234,19667,4300,95660
756,SED,HNX,10/01/2022,,19667,19667,19580,19580,200,4530
757,SED,HNX,11/01/2022,,19494,19667,19147,19234,8800,195760
758,SED,HNX,12/01/2022,,19580,19754,19580,19754,200,4540
759,SED,HNX,13/01/2022,,19234,19234,18541,18714,26400,569050
760,SED,HNX,14/01/2022,,19580,19580,18714,19234,502,11095.20
761,SED,HNX,17/01/2022,,19234,19320,19234,19320,400,8890
762,SED,HNX,18/01/2022,,19234,19320,19234,19320,0,0
763,SED,HNX,19/01/2022,,19234,19320,19234,19320,0,0
764,SED,HNX,20/01/2022,,19320,21226,19320,20880,31800,721740
765,SED,HNX,21/01/2022,,19754,20707,19580,20707,4500,103740
766,SED,HNX,24/01/2022,,19494,20273,19494,20273,4300,97660
767,SED,HNX,25/01/2022,,19927,20187,18887,20187,16200,356500
768,SED,HNX,26/01/2022,,19927,20187,18887,20187,0,0
769,SED,HNX,27/01/2022,,20100,20100,20100,20100,313,7239.50
770,SED,HNX,28/01/2022,,19754,19927,18801,19927,3300,74060
771,SED,HNX,07/02/2022,,20100,20100,19667,19927,6800,156480
772,SED,HNX,08/02/2022,,19754,20013,19754,19927,8700,199410
773,SED,HNX,09/02/2022,,19927,20013,19754,20013,16957,389784.40
774,SED,HNX,10/02/2022,,20013,20273,20013,20273,14900,346510
775,SED,HNX,11/02/2022,,21053,21053,20447,20880,10400,250210
776,SED,HNX,14/02/2022,,21053,21053,20447,20880,15210,363670
777,SED,HNX,15/02/2022,,20620,21746,20100,21660,48400,1184930
778,SED,HNX,16/02/2022,,21660,21660,21226,21226,6400,159540
779,SED,HNX,17/02/2022,,20966,21660,20966,21660,18900,466260
780,SED,HNX,18/02/2022,,21660,22006,21226,21660,4500,112030
781,SED,HNX,21/02/2022,,21486,21746,21400,21746,24500,611840
782,SED,HNX,22/02/2022,,21660,21660,21486,21660,12200,303900
783,SED,HNX,23/02/2022,,21486,21660,21400,21660,6400,158800
784,SED,HNX,24/02/2022,,21660,21660,21140,21140,56542,1509668
785,SED,HNX,25/02/2022,,21226,21660,21140,21660,10900,270330
786,SED,HNX,28/02/2022,,21660,21660,21486,21486,744,18562.40
787,SED,HNX,01/03/2022,,21660,21746,21660,21746,1600,40030
788,SED,HNX,02/03/2022,,21746,21746,21660,21660,1400,35030
789,SED,HNX,03/03/2022,,21660,21660,20360,21486,33000,799090
790,SED,HNX,04/03/2022,,21660,21660,20360,21486,0,0
791,SED,HNX,07/03/2022,,21486,21486,20880,21226,3900,95700
792,SED,HNX,08/03/2022,,21226,21226,20707,21140,6100,147270
793,SED,HNX,09/03/2022,,21140,21140,20273,20793,6900,163790
794,SED,HNX,10/03/2022,,20793,21226,20793,21226,21900,532390
795,SED,HNX,11/03/2022,,20880,21226,20793,21226,11800,283600
796,SED,HNX,14/03/2022,,21226,21226,20793,21226,19700,474520
797,SED,HNX,15/03/2022,,21140,21486,20793,20880,7100,170890
798,SED,HNX,16/03/2022,,20880,21053,20793,20966,11100,267780
799,SED,HNX,17/03/2022,,20966,20966,20966,20966,42100,1018820
800,SED,HNX,18/03/2022,,20793,21226,20707,21226,25500,612180
801,SED,HNX,21/03/2022,,21140,21140,21053,21053,1100,26830
802,SED,HNX,22/03/2022,,20966,20966,20793,20793,20400,491250
803,SED,HNX,23/03/2022,,20793,20793,20793,20793,6000,144000
804,SED,HNX,24/03/2022,,20793,21140,20793,20966,6200,149080
805,SED,HNX,25/03/2022,,20966,20966,20793,20966,6500,156590
806,SED,HNX,28/03/2022,,20966,21140,20966,20966,2900,70200
807,SED,HNX,29/03/2022,,21486,21486,21053,21226,5800,142550
808,SED,HNX,30/03/2022,,21313,21313,20793,21226,5100,124500
809,SED,HNX,31/03/2022,,21226,21226,21226,21226,100,2450
810,SED,HNX,01/04/2022,,20793,21226,20793,21226,32100,771600
811,SED,HNX,04/04/2022,,21226,21226,20793,20966,4800,115780
812,SED,HNX,05/04/2022,,20966,21226,20966,21226,17800,431880
813,SED,HNX,06/04/2022,,21226,21313,21053,21313,7600,185000
814,SED,HNX,07/04/2022,,21313,21313,20966,21313,2000,48800000
815,SED,HNX,08/04/2022,,21313,21660,20880,21313,8400,203820
816,SED,HNX,12/04/2022,,20793,21226,20447,21226,16900,406550
817,SED,HNX,13/04/2022,,20793,21226,20447,21226,0,0
818,SED,HNX,14/04/2022,,20620,21140,20620,21140,200,4820
819,SED,HNX,15/04/2022,,20533,20966,20533,20966,8500,203850
820,SED,HNX,18/04/2022,,20620,20793,20447,20793,1400,33160
821,SED,HNX,19/04/2022,,20447,20793,20447,20793,9800,234620
822,SED,HNX,20/04/2022,,20793,20793,20793,20793,400,9600
823,SED,HNX,21/04/2022,,20793,20793,20793,20793,600,14400
824,SED,HNX,22/04/2022,,20793,20793,20793,20793,100,2400
825,SED,HNX,25/04/2022,,20793,20793,19927,20100,10800,252890
826,SED,HNX,26/04/2022,,20447,20447,20100,20360,16200,376740
827,SED,HNX,27/04/2022,,20360,20793,20360,20793,3200,75300
828,SED,HNX,28/04/2022,,20707,20707,19927,20187,16000,369690
829,SED,HNX,29/04/2022,,19927,20707,19060,20707,10300,231970
830,SED,HNX,04/05/2022,,19927,20707,19927,20620,12900,300880
831,SED,HNX,05/05/2022,,20533,20707,20360,20360,11400,271250
832,SED,HNX,06/05/2022,,20360,20360,20187,20187,3800,88880
833,SED,HNX,09/05/2022,,20187,20187,19147,19927,11000,249030
834,SED,HNX,10/05/2022,,19754,19754,19754,19754,2000,45600
835,SED,HNX,11/05/2022,,20707,20707,20533,20533,1500,35570
836,SED,HNX,12/05/2022,,20100,20187,18887,19407,6700,151870
837,SED,HNX,13/05/2022,,20058,20058,19129,19872,12700,266200
838,SED,HNX,16/05/2022,,19872,19872,19872,19872,100,2140
839,SED,HNX,17/05/2022,,19501,20801,19501,20801,3900,83480
840,SED,HNX,18/05/2022,,19965,20708,19129,20708,3600,77250
841,SED,HNX,19/05/2022,,19501,20615,19501,20615,300,6420
842,SED,HNX,20/05/2022,,19686,20243,19686,20243,11400,242230
843,SED,HNX,23/05/2022,,20243,20243,19501,20151,3700,78560
844,SED,HNX,24/05/2022,,20243,20243,19501,20151,0,0
845,SED,HNX,25/05/2022,,20151,20151,19501,20058,7800,164060
846,SED,HNX,26/05/2022,,19501,20058,19501,19965,5000,106000
847,SED,HNX,27/05/2022,,19965,20151,19501,19501,9800,207890
848,SED,HNX,30/05/2022,,19501,19872,19501,19872,41800,877960
849,SED,HNX,31/05/2022,,19779,19779,19501,19686,33400,702110
850,SED,HNX,01/06/2022,,19593,19686,19501,19686,11900,250160
851,SED,HNX,02/06/2022,,19501,19593,19315,19315,10400,217490
852,SED,HNX,03/06/2022,,19315,19686,19315,19686,2400,50200
853,SED,HNX,06/06/2022,,19501,19593,19501,19593,2200,46300
854,SED,HNX,07/06/2022,,19315,19501,19036,19501,17400,358120
855,SED,HNX,08/06/2022,,19501,19501,19501,19501,13900,291900
856,SED,HNX,09/06/2022,,19501,19501,19501,19501,1600,33600
857,SED,HNX,10/06/2022,,19501,19501,19408,19408,2500,52380
858,SED,HNX,13/06/2022,,19222,19315,19036,19036,3200,65680
859,SED,HNX,14/06/2022,,19036,19036,18758,19036,6600,134920
860,SED,HNX,15/06/2022,,18758,19315,18572,19315,29600,592240
861,SED,HNX,16/06/2022,,18758,19315,18572,19315,0,0
862,SED,HNX,17/06/2022,,19036,19129,18572,18943,1400,28200
863,SED,HNX,20/06/2022,,19129,19129,19129,19129,100,2060
864,SED,HNX,21/06/2022,,19129,20894,18572,19129,1900,38860
865,SED,HNX,22/06/2022,,19408,19408,18201,18201,4100,80490
866,SED,HNX,23/06/2022,,19408,19408,18201,19315,1200,23810
867,SED,HNX,24/06/2022,,19408,19408,18201,19315,0,0
868,SED,HNX,27/06/2022,,19408,19408,18201,19315,0,0
869,SED,HNX,28/06/2022,,19129,19129,18572,18572,1500,30300
870,SED,HNX,29/06/2022,,18572,18572,17458,18572,10600,202390
871,SED,HNX,30/06/2022,,18572,19315,18572,19315,1500,30090
872,SED,HNX,01/07/2022,,18572,19222,17736,19222,1000,19550
873,SED,HNX,04/07/2022,,18665,18665,18572,18572,2200,44020
874,SED,HNX,05/07/2022,,18572,18572,18386,18386,1600,31870
875,SED,HNX,06/07/2022,,18479,18479,18479,18479,600,11940
876,SED,HNX,07/07/2022,,18386,18386,18386,18386,300,5940
877,SED,HNX,08/07/2022,,18386,18386,18386,18386,400,7920
878,SED,HNX,11/07/2022,,18386,18386,18386,18386,100,1980
879,SED,HNX,12/07/2022,,18386,18386,18386,18386,100,1980
880,SED,HNX,13/07/2022,,18386,18386,18386,18386,400,7920
881,SED,HNX,14/07/2022,,19036,19036,19036,19036,200,4100
882,SED,HNX,15/07/2022,,18572,18851,18572,18851,1100,22030
883,SED,HNX,18/07/2022,,18943,18943,18943,18943,300,6120
884,SED,HNX,19/07/2022,,19036,19036,18943,18943,2100,43020
885,SED,HNX,20/07/2022,,18665,18665,18665,18665,5000,100500
886,SED,HNX,21/07/2022,,18665,18665,18665,18665,100,2010
887,SED,HNX,22/07/2022,,18665,18943,18665,18943,1400,28200
888,SED,HNX,25/07/2022,,18665,18943,18665,18943,0,0
889,SED,HNX,26/07/2022,,18572,18943,18572,18943,900,18040
890,SED,HNX,27/07/2022,,18572,18943,18572,18943,0,0
891,SED,HNX,28/07/2022,,19408,19408,18572,18572,3200,66110
892,SED,HNX,29/07/2022,,18665,19408,18665,19315,1200,24490
893,SED,HNX,01/08/2022,,18665,19408,18665,19315,0,0
894,SED,HNX,02/08/2022,,18665,19408,18665,19315,0,0
895,SED,HNX,03/08/2022,,18943,18943,18943,18943,2900,59160
896,SED,HNX,04/08/2022,,18851,18851,18758,18758,300,6080
897,SED,HNX,05/08/2022,,18758,18943,18758,18943,3100,63140
898,SED,HNX,08/08/2022,,19036,19222,18943,19222,7400,151450
899,SED,HNX,09/08/2022,,19222,19222,19222,19222,600,12420
900,SED,HNX,10/08/2022,,19222,19222,19222,19222,5900,122130
901,SED,HNX,11/08/2022,,19408,19965,19408,19501,5700,120390
902,SED,HNX,12/08/2022,,19129,19779,19036,19779,6800,139710
903,SED,HNX,15/08/2022,,19129,19129,19036,19036,13600,278900
904,SED,HNX,16/08/2022,,19036,19036,19036,19036,8000,164000
905,SED,HNX,17/08/2022,,18943,19036,18943,19036,12500,256010
906,SED,HNX,18/08/2022,,19036,19315,18943,19315,4300,87880
907,SED,HNX,19/08/2022,,19222,19315,19036,19036,7500,155090
908,SED,HNX,22/08/2022,,19036,19036,18943,19036,1800,36890
909,SED,HNX,23/08/2022,,19036,19036,19036,19036,11600,237800
910,SED,HNX,24/08/2022,,19036,19129,18943,19129,14900,305390000
911,SED,HNX,25/08/2022,,19036,19036,19036,19036,100,2050000
912,SED,HNX,26/08/2022,,19036,19501,19036,19501,47100,966340000
913,SED,HNX,29/08/2022,,19501,19501,18572,19222,3500,71320000
914,SED,HNX,30/08/2022,,18851,18943,18851,18851,2500,50770000
915,SED,HNX,31/08/2022,,19036,19222,19036,19222,5200,106640000
916,SED,HNX,05/09/2022,,19315,19315,19315,19315,400,8320000
917,SED,HNX,06/09/2022,,19315,19315,19315,19315,1200,24960000
918,SED,HNX,07/09/2022,,19036,19036,19036,19036,2700,55350000
919,SED,HNX,08/09/2022,,19036,19129,19036,19036,35300,723700000
920,SED,HNX,09/09/2022,,19036,19036,19036,19036,24100,494050000
921,SED,HNX,12/09/2022,,20894,20894,19129,19129,1600,34040000
922,SED,HNX,13/09/2022,,19129,19129,18943,18943,2100,43060000
923,SED,HNX,14/09/2022,,18943,18943,18851,18851,2200,44670000
924,SED,HNX,15/09/2022,,18851,18851,18851,18851,700,14210000
925,SED,HNX,16/09/2022,,19036,19036,18851,18851,2700,54830000
926,SED,HNX,19/09/2022,,18943,18943,18851,18943,1200,24390000
927,SED,HNX,20/09/2022,,19036,19315,19036,19315,200,4130000
928,SED,HNX,21/09/2022,,19129,19222,19129,19222,2700,55640000
929,SED,HNX,22/09/2022,,18851,19129,18851,19129,600,12300000
930,SED,HNX,23/09/2022,,19129,19129,19129,19129,2100,43260000
931,SED,HNX,26/09/2022,,19036,19129,18851,18851,15900,324910000
932,SED,HNX,27/09/2022,,18758,19036,18758,18943,9100,186320000
933,SED,HNX,28/09/2022,,18758,18851,18665,18851,5000,101350000
934,SED,HNX,29/09/2022,,18943,18943,18758,18758,3200,64960000
935,SED,HNX,30/09/2022,,18758,18851,18572,18851,17200,345460000
936,SED,HNX,03/10/2022,,18572,18572,18572,18572,11700,234000000
937,SED,HNX,04/10/2022,,18665,18665,18572,18665,7200,144060000
938,SED,HNX,05/10/2022,,18665,18665,18572,18665,0,0
939,SED,HNX,06/10/2022,,19408,19408,18572,18851,4100,82390000
940,SED,HNX,07/10/2022,,18665,18665,18386,18386,12500,249340000
941,SED,HNX,10/10/2022,,16622,16622,16622,16622,117900,2110410000
942,SED,HNX,11/10/2022,,17736,17829,16343,17179,7100,128420000
943,SED,HNX,12/10/2022,,16529,17179,16436,17179,800,14510000
944,SED,HNX,13/10/2022,,16715,17179,16715,17179,1500,27150000
945,SED,HNX,14/10/2022,,16901,17179,16901,17179,400,7310000
946,SED,HNX,17/10/2022,,16808,17086,16529,17086,4700,84260000
947,SED,HNX,18/10/2022,,17179,17179,17179,17179,100,1850000
948,SED,HNX,19/10/2022,,16715,17179,16715,17179,3100,56260000
949,SED,HNX,20/10/2022,,17179,17179,17179,17179,700,12950000
950,SED,HNX,21/10/2022,,16715,16715,16622,16715,4400,79080000
951,SED,HNX,24/10/2022,,16622,16993,16251,16993,11700,207630000
952,SED,HNX,25/10/2022,,16343,16993,16158,16993,15700,274340000
953,SED,HNX,26/10/2022,,16901,16901,16715,16715,400,7260000
954,SED,HNX,27/10/2022,,16158,16251,16065,16158,45500,792620000
955,SED,HNX,28/10/2022,,16158,16715,16065,16622,1800,31600000
956,SED,HNX,31/10/2022,,16715,16715,16529,16529,5600,100690000
957,SED,HNX,01/11/2022,,16529,16529,16436,16436,10500,186760000
958,SED,HNX,02/11/2022,,16343,16622,16343,16622,15300,273280000
959,SED,HNX,03/11/2022,,16251,16343,16158,16158,1800,31510000
960,SED,HNX,04/11/2022,,16529,16529,16158,16436,6600,115190000
961,SED,HNX,07/11/2022,,16065,16436,16065,16343,1600,27990000
962,SED,HNX,08/11/2022,,16343,16436,16158,16251,6300,110730000
963,SED,HNX,09/11/2022,,16158,16343,16065,16251,5200,91210000
964,SED,HNX,10/11/2022,,16158,16158,15786,15786,18300,313430000
965,SED,HNX,11/11/2022,,15786,15786,14672,15693,3000,50390000
966,SED,HNX,14/11/2022,,15693,15693,14393,14672,10100,160940000
967,SED,HNX,15/11/2022,,14950,14950,14300,14300,7400,114440000
968,SED,HNX,16/11/2022,,14765,15322,14765,15322,1900,30330000
969,SED,HNX,17/11/2022,,15322,16343,15322,16343,200,3410000
970,SED,HNX,18/11/2022,,14858,14950,14765,14858,23900,382540000
971,SED,HNX,21/11/2022,,14858,14950,14765,14858,0,0
972,SED,HNX,22/11/2022,,14858,14950,14765,14858,0,0
973,SED,HNX,23/11/2022,,14950,14950,14950,14950,3000,48300000
974,SED,HNX,24/11/2022,,14022,15043,13929,15043,5700,85960000
975,SED,HNX,25/11/2022,,15322,15693,15322,15693,700,11670000
976,SED,HNX,28/11/2022,,15786,16715,15693,15786,6100,103980000
977,SED,HNX,29/11/2022,,16065,16808,16065,16343,11100,194770000
978,SED,HNX,30/11/2022,,16343,16343,15415,16343,28300,481200000
979,SED,HNX,01/12/2022,,16436,16436,15600,16343,6800,114860000
980,SED,HNX,02/12/2022,,15508,15508,15508,15508,200,3340000
981,SED,HNX,05/12/2022,,15972,16251,15786,15786,5900,100780000
982,SED,HNX,06/12/2022,,15786,15972,15786,15786,10900,185360000
983,SED,HNX,07/12/2022,,15600,15786,15600,15600,15200,255380000
984,SED,HNX,08/12/2022,,15415,16622,15415,16622,500,8430000
985,SED,HNX,09/12/2022,,15786,15786,15786,15786,17200,292400000
986,SED,HNX,12/12/2022,,15786,16158,15508,16158,1500,25240000
987,SED,HNX,13/12/2022,,16529,16529,15786,16251,5800,102700000
988,SED,HNX,14/12/2022,,16251,16251,16251,16251,200,3500000
989,SED,HNX,15/12/2022,,15879,16158,15879,16158,700,12120000
990,SED,HNX,16/12/2022,,15786,16251,15786,16251,900,15640000
991,SED,HNX,19/12/2022,,16251,16251,15786,15786,16000,272250000
992,SED,HNX,20/12/2022,,15786,15786,15600,15600,4400,74660000
993,SED,HNX,21/12/2022,,15693,15693,15600,15600,2400,40350000
994,SED,HNX,22/12/2022,,15786,15786,15600,15600,1100,18520000
995,SED,HNX,23/12/2022,,15786,15786,15786,15786,3200,54400000
996,SED,HNX,26/12/2022,,15786,15786,15600,15600,9900,167200000
997,SED,HNX,27/12/2022,,15600,15600,15600,15600,2900,48720000
998,SED,HNX,28/12/2022,,15600,15600,15600,15600,0,0
999,SED,HNX,29/12/2022,,15693,15693,15693,15693,200,3380000
1000,SED,HNX,30/12/2022,,15693,16622,15693,16622,1600,28290000
1001,SED,HNX,03/01/2023,,16158,16158,16158,16158,2000,34800000
1002,SED,HNX,04/01/2023,,16251,16251,16251,16251,8100,141750000
1003,SED,HNX,05/01/2023,,16251,16529,16251,16529,4300,75280000
1004,SED,HNX,06/01/2023,,16251,16251,16065,16065,3000,52000000
1005,SED,HNX,09/01/2023,,16065,16065,15972,16065,3300,56930000
1006,SED,HNX,10/01/2023,,16065,16065,15972,16065,0,0
1007,SED,HNX,11/01/2023,,16251,16436,16251,16251,3000,52700000
1008,SED,HNX,12/01/2023,,16251,16715,16251,16715,9800,174700000
1009,SED,HNX,13/01/2023,,16715,16808,16715,16808,2500,45140000
1010,SED,HNX,16/01/2023,,16808,16808,16808,16808,10300,186430000
1011,SED,HNX,17/01/2023,,16808,16901,16808,16808,3800,68810000
1012,SED,HNX,18/01/2023,,16715,17179,16715,17179,7300,132000000
1013,SED,HNX,19/01/2023,,17272,18572,17272,17643,1600,30370000
1014,SED,HNX,27/01/2023,,17179,17643,17179,17643,400,7450000
1015,SED,HNX,30/01/2023,,17179,17643,17179,17643,0,0
1016,SED,HNX,31/01/2023,,17551,17643,17551,17643,1300,24650000
1017,SED,HNX,01/02/2023,,17643,17643,17643,17643,1500,28500000
1018,SED,HNX,02/02/2023,,17643,17643,17365,17365,2300,43300000
1019,SED,HNX,03/02/2023,,17643,17643,16808,16808,1200,21890000
1020,SED,HNX,06/02/2023,,16343,16715,16343,16715,7300,131280000
1021,SED,HNX,07/02/2023,,16715,16715,16343,16436,4100,73590000
1022,SED,HNX,08/02/2023,,16436,16529,16436,16436,3100,54930000
1023,SED,HNX,09/02/2023,,16436,16436,16436,16436,8300,146910000
1024,SED,HNX,10/02/2023,,16436,16715,16436,16436,1900,33840000
1025,SED,HNX,13/02/2023,,16436,16436,16343,16343,1200,21210000
1026,SED,HNX,14/02/2023,,16343,16343,16343,16343,6100,107360000
1027,SED,HNX,15/02/2023,,17086,17086,17086,17086,400,7360000
1028,SED,HNX,16/02/2023,,17086,17086,17086,17086,0,0
1029,SED,HNX,17/02/2023,,17086,17086,17086,17086,0,0
1030,SED,HNX,20/02/2023,,16901,16901,16622,16622,3200,57340000
1031,SED,HNX,21/02/2023,,16901,16901,16622,16622,0,0
1032,SED,HNX,22/02/2023,,16622,16715,16343,16715,2800,49410000
1033,SED,HNX,23/02/2023,,16251,16622,16158,16251,1000,17510000
1034,SED,HNX,24/02/2023,,16436,16436,16436,16436,1100,19470000
1035,SED,HNX,27/02/2023,,16343,16343,16158,16158,5800,101260000
1036,SED,HNX,28/02/2023,,16158,16158,16158,16158,3700,64380000
1037,SED,HNX,01/03/2023,,16622,16622,16158,16158,7700,134100000
1038,SED,HNX,02/03/2023,,16065,16251,16065,16251,5100,88250000
1039,SED,HNX,03/03/2023,,16251,16251,16065,16065,2500,43370000
1040,SED,HNX,06/03/2023,,16251,16251,16251,16251,100,1750000
1041,SED,HNX,07/03/2023,,16251,16251,16251,16251,1100,19250000
1042,SED,HNX,08/03/2023,,16622,16622,16622,16622,200,3580000
1043,SED,HNX,09/03/2023,,16622,16622,16622,16622,0,0
1044,SED,HNX,10/03/2023,,16343,16343,16343,16343,2500,44000000
1045,SED,HNX,13/03/2023,,16343,16343,16343,16343,0,0
1046,SED,HNX,14/03/2023,,16251,16251,16158,16251,2100,36710000
1047,SED,HNX,15/03/2023,,16251,16436,16251,16343,400,7040000
1048,SED,HNX,16/03/2023,,16343,16436,16251,16436,6600,116370000
1049,SED,HNX,17/03/2023,,16251,16251,16251,16251,2500,43750000
1050,SED,HNX,20/03/2023,,16251,16251,14950,16251,3700,62900000
1051,SED,HNX,21/03/2023,,16251,16251,16251,16251,3000,52500000
1052,SED,HNX,22/03/2023,,16251,16251,16251,16251,0,0
1053,SED,HNX,23/03/2023,,16251,16251,16251,16251,0,0
1054,SED,HNX,24/03/2023,,16251,16251,16251,16251,12900,225750000
1055,SED,HNX,27/03/2023,,16251,16251,16251,16251,200,3500000
1056,SED,HNX,28/03/2023,,16622,16715,16622,16715,300,5380000
1057,SED,HNX,29/03/2023,,16622,16715,16622,16715,0,0
1058,SED,HNX,30/03/2023,,16715,16715,16715,16715,400,7200000
1059,SED,HNX,31/03/2023,,16715,16715,16715,16715,0,0
1060,SED,HNX,03/04/2023,,16715,16715,16715,16715,4700,84600000
1061,SED,HNX,04/04/2023,,16715,16715,16715,16715,1200,21600000
1062,SED,HNX,05/04/2023,,16715,16715,16715,16715,2600,46800000
1063,SED,HNX,06/04/2023,,16715,16901,16715,16901,1600,28920000
1064,SED,HNX,07/04/2023,,16993,16993,16715,16715,5600,102330000
1065,SED,HNX,10/04/2023,,16715,16808,16715,16715,2400,43250000
1066,SED,HNX,11/04/2023,,16715,16808,16715,16715,0,0
1067,SED,HNX,12/04/2023,,16808,16808,16808,16808,1100,19910000
1068,SED,HNX,13/04/2023,,16808,16808,16808,16808,3600,65160000
1069,SED,HNX,14/04/2023,,16808,17272,16808,17272,200,3670000
1070,SED,HNX,17/04/2023,,16808,17179,16715,17179,1100,19990000
1071,SED,HNX,18/04/2023,,17179,17643,17179,17643,3300,62550000
1072,SED,HNX,19/04/2023,,17643,17643,17643,17643,4400,83600000
1073,SED,HNX,20/04/2023,,18665,19408,18665,19408,22500,464360000
1074,SED,HNX,21/04/2023,,18572,19315,18572,19315,3000,60400000
1075,SED,HNX,24/04/2023,,18572,20336,18572,20336,3500,71370000
1076,SED,HNX,25/04/2023,,18572,20336,18572,20336,0,0
1077,SED,HNX,26/04/2023,,20336,20336,20336,20336,700,15330000
1078,SED,HNX,27/04/2023,,20336,20336,20336,20336,0,0
1079,SED,HNX,28/04/2023,,20336,20336,20336,20336,0,0
1080,SED,HNX,04/05/2023,,18665,20058,18665,19965,1600,33750000
1081,SED,HNX,05/05/2023,,19872,19872,19501,19501,300,6340000
1082,SED,HNX,08/05/2023,,18758,19501,18758,19501,1600,32480000
1083,SED,HNX,09/05/2023,,18758,19501,18758,19501,0,0
1084,SED,HNX,10/05/2023,,19408,19501,19408,19501,300,6290000
1085,SED,HNX,11/05/2023,,19501,19501,19501,19501,8000,168000000
1086,SED,HNX,12/05/2023,,19900,19900,19900,19900,200,3980000
1087,SED,HNX,15/05/2023,,19900,19900,19900,19900,0,0
1088,SED,HNX,16/05/2023,,19900,19900,19900,19900,0,0
1089,SED,HNX,17/05/2023,,19800,19800,18700,19800,1100,20790000
1090,SED,HNX,18/05/2023,,19000,19000,18500,18500,900,16900000
1091,SED,HNX,19/05/2023,,18400,19800,18400,19800,200,3820000
1092,SED,HNX,22/05/2023,,19000,19000,19000,19000,2000,38000000
1093,SED,HNX,23/05/2023,,18700,18700,18700,18700,300,5610000
1094,SED,HNX,24/05/2023,,19500,19500,19500,19500,100,1950000
1095,SED,HNX,25/05/2023,,19000,19000,19000,19000,100,1900000
1096,SED,HNX,26/05/2023,,19300,19300,19300,19300,100,1930000
1097,SED,HNX,29/05/2023,,18700,19300,18600,19300,2000,37290000
1098,SED,HNX,30/05/2023,,18700,19300,18600,19300,0,0
1099,SED,HNX,31/05/2023,,18700,19300,18600,19300,0,0
1100,SED,HNX,01/06/2023,,18800,18800,18800,18800,100,1880000
1101,SED,HNX,02/06/2023,,18800,18800,18500,18500,3500,64780000
1102,SED,HNX,05/06/2023,,19200,19500,19000,19500,5900,113180000
1103,SED,HNX,06/06/2023,,19500,19700,19000,19000,1700,33110000
1104,SED,HNX,07/06/2023,,19000,19000,19000,19000,200,3800000
1105,SED,HNX,08/06/2023,,19000,19000,19000,19000,200,3800000
1106,SED,HNX,09/06/2023,,19000,19000,19000,19000,200,3800000
1107,SED,HNX,12/06/2023,,19000,19000,18500,19000,900,17000000
1108,SED,HNX,13/06/2023,,19000,19000,18500,19000,0,0
1109,SED,HNX,14/06/2023,,19000,19100,18800,18800,3500,66580000
1110,SED,HNX,15/06/2023,,18800,18800,18800,18800,100,1880000
1111,SED,HNX,16/06/2023,,18900,19000,18900,19000,4400,83450000
1112,SED,HNX,19/06/2023,,18900,19100,18900,19100,6300,119690000
1113,SED,HNX,20/06/2023,,19100,19100,19100,19100,3000,57300000
1114,SED,HNX,21/06/2023,,19200,19500,17200,19500,4000,76330000
1115,SED,HNX,22/06/2023,,19300,19300,19300,19300,200,3860000
1116,SED,HNX,23/06/2023,,19300,19300,19300,19300,0,0
1117,SED,HNX,26/06/2023,,18200,19700,18000,19600,2500,45730000
1118,SED,HNX,27/06/2023,,19600,19600,19500,19500,200,3910000
1119,SED,HNX,28/06/2023,,19500,19500,19500,19500,100,1950000
1120,SED,HNX,29/06/2023,,19500,19500,19500,19500,100,1950000
1121,SED,HNX,30/06/2023,,19500,19500,19500,19500,100,1950000
1122,SED,HNX,03/07/2023,,19500,19500,17600,19000,38500,725630000
1123,SED,HNX,04/07/2023,,18600,19100,18600,19100,1000,18650000
1124,SED,HNX,05/07/2023,,18600,19100,18600,19100,0,0
1125,SED,HNX,06/07/2023,,18100,19100,18100,19100,1100,20910000
1126,SED,HNX,07/07/2023,,19100,19100,19100,19100,1000,19100000
1127,SED,HNX,10/07/2023,,19100,19100,19100,19100,5300,101230000
1128,SED,HNX,11/07/2023,,19100,19100,19100,19100,14200,271220000
1129,SED,HNX,12/07/2023,,19100,19100,18600,18700,600,11230000
1130,SED,HNX,13/07/2023,,19100,19100,18600,18700,0,0
1131,SED,HNX,14/07/2023,,19100,19100,18600,18700,0,0
1132,SED,HNX,17/07/2023,,19100,19100,19000,19000,900,17110000
1133,SED,HNX,18/07/2023,,18400,19000,18400,18600,3200,59670000
1134,SED,HNX,19/07/2023,,18600,18600,18000,18600,49100,885930000
1135,SED,HNX,20/07/2023,,20000,20000,18700,19000,2600,49350000
1136,SED,HNX,21/07/2023,,18800,18800,18800,18800,500,9400000
1137,SED,HNX,24/07/2023,,19000,19500,19000,19500,9400,180900000
1138,SED,HNX,25/07/2023,,19400,19500,19200,19500,5300,102720000
1139,SED,HNX,26/07/2023,,19100,19200,19100,19100,700,13380000
1140,SED,HNX,27/07/2023,,19100,19200,19100,19100,1700,32520000
1141,SED,HNX,28/07/2023,,19000,19100,19000,19100,1700,32440000
1142,SED,HNX,31/07/2023,,19200,19300,19200,19300,14200,273340000
1143,SED,HNX,01/08/2023,,19300,19500,19300,19300,5400,104300000
1144,SED,HNX,02/08/2023,,19200,19200,19100,19100,2500,47900000
1145,SED,HNX,03/08/2023,,19100,19100,19100,19100,9600,183360000
1146,SED,HNX,04/08/2023,,19100,19100,19100,19100,0,0
1147,SED,HNX,07/08/2023,,19200,19500,19200,19500,600,11610000
1148,SED,HNX,08/08/2023,,19400,19500,19400,19500,11500,223830000
1149,SED,HNX,09/08/2023,,19500,19500,19400,19500,33900,660160000
1150,SED,HNX,10/08/2023,,19500,19500,19300,19300,1500,29160000
1151,SED,HNX,11/08/2023,,19500,19500,19500,19500,700,13650000
1152,SED,HNX,14/08/2023,,19600,19600,19000,19500,3800,73510000
1153,SED,HNX,15/08/2023,,19600,19600,19000,19500,0,0
1154,SED,HNX,16/08/2023,,19600,19600,19000,19500,0,0
1155,SED,HNX,17/08/2023,,19600,19600,19000,19500,0,0
1156,SED,HNX,18/08/2023,,19100,19100,19000,19000,1600,30430000
1157,SED,HNX,21/08/2023,,19000,19000,19000,19000,700,13300000
1158,SED,HNX,22/08/2023,,19000,19100,19000,19100,3500,66770000
1159,SED,HNX,23/08/2023,,19100,19100,19000,19100,11700,222780000
1160,SED,HNX,24/08/2023,,19000,19400,19000,19400,200,3840000
1161,SED,HNX,25/08/2023,,19000,19400,19000,19400,0,0
1162,SED,HNX,28/08/2023,,19200,19900,19200,19900,1000,19490000
1163,SED,HNX,29/08/2023,,19200,19900,19200,19900,0,0
1164,SED,HNX,30/08/2023,,19100,19200,19000,19200,11000,209250000
1165,SED,HNX,31/08/2023,,19200,19200,19200,19200,4000,76800000
1166,SED,HNX,05/09/2023,,18600,19200,18000,19000,5400,101120000
1167,SED,HNX,06/09/2023,,19000,19200,19000,19200,600,11490000
1168,SED,HNX,07/09/2023,,19200,19300,19200,19200,3300,63370000
1169,SED,HNX,08/09/2023,,19200,19200,19200,19200,200,3840000
1170,SED,HNX,11/09/2023,,19200,19400,19000,19200,5900,113240000
1171,SED,HNX,12/09/2023,,19200,19200,19200,19200,900,17280000
1172,SED,HNX,13/09/2023,,19000,19200,19000,19000,3100,59100000
1173,SED,HNX,14/09/2023,,19500,19500,19500,19500,100,1950000
1174,SED,HNX,15/09/2023,,19000,19000,19000,19000,1500,28500000
1175,SED,HNX,18/09/2023,,19000,19000,19000,19000,0,0
1176,SED,HNX,19/09/2023,,19000,19200,19000,19200,2400,45900000
1177,SED,HNX,20/09/2023,,19000,19200,19000,19200,0,0
1178,SED,HNX,21/09/2023,,19500,19500,19500,19500,100,1950000
1179,SED,HNX,22/09/2023,,19000,19000,19000,19000,100,1900000
1180,SED,HNX,25/09/2023,,19500,19500,18000,18700,9100,166690000
1181,SED,HNX,26/09/2023,,19500,19500,19500,19500,300,5850000
1182,SED,HNX,27/09/2023,,19200,19200,19000,19000,1500,28520000
1183,SED,HNX,28/09/2023,,19000,19000,19000,19000,500,9500000
1184,SED,HNX,29/09/2023,,19000,19000,19000,19000,0,0
