"code","name","category"
10,Gross Revenue,
11,Deductions,
20,Net Revenue,
21,Cost of Goods Sold,
30,Gross Profit,
31,Financial Income,
32,Financial Expenses,
33,Interest Expenses,
34,Share of Net Profit from Associates and Joint Ventures,
35,Selling Expenses,
36,General and Administrative Expenses,
40,Operating Profit,
41,Other Income,
42,Other Expenses,
50,Other Profits,
60,Net Profit Before Tax,
61,Current Income Tax Expense,
62,Deferred Income Tax Expense,
63,Income Tax Expense,
70,Net Profit After Tax,
71,Net Profit After Tax Attribute to Non-controlling Interests,
72,Net Profit After Tax Attribute to Majority Shareholders,
1000,Current Assets,
1100,Cash and Cash Equivalents,
1110,Cash,
1120,Cash Equivalents,
1200,Short-term Investments,
1210,Held-for-Trading Securities,
1220,Provision for Devaluation of Trading Securities,
1230,Held-to-Maturity Short-term Investments,
1300,Current Accounts Receivable,
1310,Short-term Trade Receivables,
1320,Short-term Advances to Suppliers,
1330,Short-term Intercompany Receivables,
1340,Progress Billings on Construction Contracts,
1350,Short-term Loans Receivables,
1360,Other Short-term Receivables,
1370,Allowance for Short-term Doubtful Accounts,
1400,Inventory,
1410,Inventories,
1420,Allowance for Obsolete Inventories,
1500,Other Current Assets,
1510,Short-term Prepaid Expense,
1520,Deductible VAT,
1530,Taxes and Receivables from State Budget,
1540,Government Bonds Purchased for Resale,
1550,Other Current Assets,
2000,Non-current Assets,
2100,Long-term Receivables,
2110,Long-term Trade Receivables,
2120,Working Capital in Subsidiaries,
2130,Internal Long-term Receivables,
2140,Long-term Loans Receivables,
2150,Other Long-term Receivables,
2160,Allowance for Long-term Doubtful Accounts,
2200,Fixed Assets,
2210,Tangible Fixed Asset,
2211,Tangible Fixed Asset Cost,
2212,Tangible Fixed Asset Accumulated Depreciation,
2220,Finance Lease Fixed Asset,
2221,Finance Lease Fixed Asset Cost,
2222,Finance Lease Fixed Asset Accumulated Depreciation,
2230,Intangible Fixed Asset,
2231,Intangible Fixed Asset Cost,
2232,Intangible Fixed Asset Accumulated Depreciation,
2300,Investment Property,
2310,Investment Properties Cost,
2320,Investment Properties Accumulated Depreciation,
2400,Long-term Assets in Progress,
2410,Long-term Work in Progress,
2420,Construction in Progress,
2500,Long-term Investments,
2510,Long-term Investment in Subsidiaries,
2520,Long-term Investment in Associates and Joint Ventures,
2530,Long-term Investment in Other Entities,
2540,Provision for Long-term Investments,
2550,Held-to-Maturity Long-term Investments,
2600,Other Long-term Assets,
2610,Long-term Prepaid Expense,
2620,Deferred Income Tax Assets,
2630,Other Long-term Assets,
2700,Goodwill,
2800,Total Assets,
3000,Liabilities,
3100,Current Liabilities,
3110,Short-term Borrowings and Finance Lease Liabilities,
3120,Current Portion of Long-term Debt,
3130,Short-term Trade Payables,
3140,Short-term Advances from Customers,
3150,Taxes and Payables to State Budget,
3160,Payables to Employees,
3170,Short-term Accrued Expense,
3180,Short-term Intercompany Payables,
3190,Progress Payments under Construction Contracts,
3200,Short-term Deferred Revenue,
3210,Other Short-term Payables,
3220,Short-term Provisions,
3230,Bonus and Welfare Fund,
3240,Price Stabilization Fund,
3250,Government Bonds Purchased for Resale,
3300,Non-current Liabilities,
3310,Long-term Trade Creditors,
3320,Long-term Accrued Expense,
3330,Intercompany Payables on Working Capital,
3340,Long-term Intracompany Payables,
3350,Other Long-term Payables,
3360,Long-term Borrowings and Finance Lease Liabilities,
3370,Convertible Bonds,
3380,Deferred Income Tax Payables,
3390,Severance Allowances,
3400,Long-term Provisions,
3410,Long-term Deferred Revenue,
3420,Science and Technology Development Fund,
4000,Owners Equity,
4100,Shareholders Equity,
4110,Owners Capital,
4120,Capital Surplus,
4130,Convertible Bond Option,
4140,Other Capital,
4150,Treasury Shares,
4160,Differences Upon Asset Revaluation,
4170,Exchange Rate Differences,
4180,Investment and Development Funds,
4190,Reserve Fund,
4200,Other Equity Fund,
4210,Retained Earnings,
4211,Retained Earnings Accumulated to the Prior Period End,
4212,Retained Earnings This Period,
4220,Capital Expenditure Fund,
4230,Enterprise Arrangement and Development Support Fund,
4240,Non-controlling Interests,
4300,Other Resources and Funds,
4310,Funding Resources,
4320,Fixed Assets Acquisition,
4330,Provident Fund,
4400,Total Liabilities and Equity,
110,Adjustments,
111,Depreciation and Amortisation,
112,Provisions,
113,Net Profit from Investment in Joint Venture,
114,Write Off Fixed Assets,
115,Unrealised Foreign Exchange Rate Differences,
116,Gain from Disposal of Fixed Assets,
117,Profit from Investing Activities,
118,Credit Interest,
119,Interest Income,
120,Interest Expense,
121,Payments Direct from Profit,
130,Operating Profit Before Working Capital Changes,
131,Changes in Receivables,
132,Changes in Inventories,
133,Changes in Payables,
134,Changes in Prepaid Expense,
135,Changes in Current Assets,
136,Interest Paid,
137,Income Tax Paid,
138,Other Receipts from Operating Activities,
139,Other Payments from Operating Activities,
140,Net Cash Flow from Operating Activities,
201,Purchases of Fixed Assets,
202,Proceeds from Disposals of Fixed Assets,
203,Purchases of Debt Instruments of Other Entities,
204,Proceeds from Sales of Debt Instruments of Other Entities,
205,Investment in Associates and Joint Ventures,
206,Short-term Investment Expenditures,
207,Investment in Other Entities,
208,Capital Withdrawal in Other Entities,
209,Credit Interest Receivable,
210,Dividends and Interest Received,
211,Minority Acquisitions,
220,Net Cash Flow from Investing Activities,
301,Proceeds From Share Issue And Capital Contribution,
302,Capital Redemption and Repurchase of Issued Shares,
303,Proceeds from Borrowings,
304,Principal Payment,
305,Financial Lease Payment,
306,Other Payments from Financing Activities,
307,Equitisation Payment,
308,Dividends Paid,
309,Minority Equity in Joint Venture,
310,Social Welfare Expenses,
320,Net Cash Flow from Financing Activities,
400,Net Cash Flow of Period,
410,Cash and Cash Equivalents at Beginning of Period,
411,Effect of Exchange Rate Fluctuation,
420,Cash and Cash Equivalents at Period End,
9000,Shares Outstanding,
9010,EPS,
9020,Dividend In Cash 3Y Average,
